Keyword,Intents,Volume,Keyword Difficulty,CPC,Competition Density,charades-generator.com,https://www.kidscharades.com/online-charades-generator.html,charadesideasgenerator.com,play.gameonfamily.com/charades/,getcharadesideas.com,charades-generator.com (pages),https://www.kidscharades.com/online-charades-generator.html (pages),charadesideasgenerator.com (pages),play.gameonfamily.com/charades/ (pages),getcharadesideas.com (pages),Results
charade,Informational,27100,72,0.54,0.07,0,0,0,0,14,,,,,https://www.getcharadesideas.com/,122
charades game,Informational,9900,53,0.50,0.31,0,42,0,58,14,,https://www.kidscharades.com/online-charades-generator.html,,https://play.gameonfamily.com/charades/,https://www.getcharadesideas.com/,196
charades ideas,"Commercial, Informational",8100,32,0.02,0.64,0,0,28,0,1,,,https://charadesideasgenerator.com/funny-charades-ideas/,,https://www.getcharadesideas.com/resources/a-list-of-120-easy-and-hard-charades-ideas/,134
suggestions for charades game,Informational,8100,33,0.02,0.64,0,0,0,0,2,,,,,https://www.getcharadesideas.com/resources/a-list-of-120-easy-and-hard-charades-ideas/,138
charades game ideas,"Commercial, Informational",5400,31,0.02,0.64,0,0,0,0,2,,,,,https://www.getcharadesideas.com/resources/a-list-of-120-easy-and-hard-charades-ideas/,138
christmas charades,"Commercial, Informational",5400,11,0.00,0.43,0,0,0,0,1,,,,,https://www.getcharadesideas.com/resources/charades-ideas-for-christmas-the-complete-list-118-words-phrases/,145
chara christmas,Informational,4400,27,0.00,0.33,0,0,0,0,13,,,,,https://www.getcharadesideas.com/resources/charades-ideas-for-christmas-the-complete-list-118-words-phrases/,143
charades for kids,"Commercial, Informational",4400,35,0.21,0.98,0,1,0,0,7,,https://www.kidscharades.com/online-charades-generator.html,,,https://www.getcharadesideas.com/resources/charades-ideas-for-kids-of-all-ages-the-ultimate-list-130-ideas/,182
charade game,"Commercial, Informational",3600,54,0.50,0.31,0,0,0,0,13,,,,,https://www.getcharadesideas.com/,163
charade topic ideas,Informational,3600,42,0.02,0.64,0,0,26,0,2,,,https://charadesideasgenerator.com/,,https://www.getcharadesideas.com/resources/a-list-of-120-easy-and-hard-charades-ideas/,122
charades at christmas,Informational,3600,25,0.00,0.43,0,0,0,0,1,,,,,https://www.getcharadesideas.com/resources/charades-ideas-for-christmas-the-complete-list-118-words-phrases/,118
random celebrity generator,Commercial,3600,8,0.00,0.33,0,0,39,0,0,,,https://charadesideasgenerator.com/celebrity-charades-generator/,,,93
charades terms,Informational,2900,47,0.03,0.22,0,0,0,0,7,,,,,https://www.getcharadesideas.com/,124
how to play charades,Informational,2900,43,0.42,0.03,0,0,77,0,48,,,https://charadesideasgenerator.com/how-to-play-charades/,,https://www.getcharadesideas.com/charades-rules/,101
charade ideas,"Commercial, Informational",2400,37,0.02,0.44,0,0,0,0,4,,,,,https://www.getcharadesideas.com/resources/a-list-of-120-easy-and-hard-charades-ideas/,138
charades category ideas,Informational,2400,42,0.02,0.64,0,0,16,0,2,,,https://charadesideasgenerator.com/charades-categories/,,https://www.getcharadesideas.com/resources/a-list-of-120-easy-and-hard-charades-ideas/,125
bible charades,Informational,1600,12,0.34,0.42,0,0,4,0,0,,,https://charadesideasgenerator.com/bible-charades-ideas/,,,103
charade halloween,"Commercial, Informational",1600,8,0.00,0.85,0,0,0,0,1,,,,,https://www.getcharadesideas.com/resources/charades-halloween-ideas/,166
charades game topics,Informational,1600,36,0.03,0.95,0,0,0,0,2,,,,,https://www.getcharadesideas.com/resources/a-list-of-120-easy-and-hard-charades-ideas/,124
charades suggestions,Informational,1600,44,0.03,0.47,0,0,6,0,1,,,https://charadesideasgenerator.com/funny-charades-ideas/,,https://www.getcharadesideas.com/resources/a-list-of-120-easy-and-hard-charades-ideas/,120
charades thing,Informational,1600,46,0.03,0.47,0,0,40,35,3,,,https://charadesideasgenerator.com/charades-themes/,https://play.gameonfamily.com/charades/,https://www.getcharadesideas.com/resources/a-list-of-120-easy-and-hard-charades-ideas/,198
reverse charades,Informational,1600,27,0.45,0.63,0,0,4,0,0,,,https://charadesideasgenerator.com/reverse-charades-generator/,,,184
thanksgiving charades,Informational,1600,12,0.00,0.25,0,0,0,0,10,,,,,https://www.getcharadesideas.com/resources/charades-thanksgiving-ideas/,103
funny topics for charades,Informational,1300,25,0.03,0.17,0,0,0,0,6,,,,,https://www.getcharadesideas.com/resources/funny-charades-ideas-and-how-to-act-them-out/,104
good charades ideas,Informational,1300,33,0.03,0.17,0,0,24,0,1,,,https://charadesideasgenerator.com/funny-charades-ideas/,,https://www.getcharadesideas.com/resources/a-list-of-120-easy-and-hard-charades-ideas/,123
halloween charades,Commercial,1300,10,0.00,0.41,0,0,0,0,7,,,,,https://www.getcharadesideas.com/resources/charades-halloween-ideas/,162
thanksgiving charades game,Commercial,1300,7,0.00,0.25,0,0,43,0,20,,,https://charadesideasgenerator.com/thanksgiving-charades-generator/,,https://www.getcharadesideas.com/resources/charades-thanksgiving-ideas/,162
what is charades,Informational,1300,56,0.00,0.01,0,0,0,0,44,,,,,https://www.getcharadesideas.com/how-to-play-charades/,126
charades game words,Informational,1000,36,0.03,0.22,0,0,0,25,6,,,,https://play.gameonfamily.com/charades/,https://www.getcharadesideas.com/,126
dumb charades,Informational,1000,34,0.00,0.01,0,0,44,0,0,,,https://charadesideasgenerator.com/funny-charades-ideas/,,,109
famous people who have add,Informational,1000,50,0.01,0.33,0,0,0,0,93,,,,,https://www.getcharadesideas.com/resources/famous-people-charades-ideas-the-complete-list/,217
ideas for christmas charades game,Informational,1000,11,0.00,0.53,0,0,0,0,3,,,,,https://www.getcharadesideas.com/resources/charades-ideas-for-christmas-the-complete-list-118-words-phrases/,142
random famous people,Informational,1000,22,0.00,0.33,0,0,0,0,25,,,,,https://www.getcharadesideas.com/resources/famous-people-charades-ideas-the-complete-list/,163
random famous person,Informational,1000,10,0.00,0.33,0,0,0,0,31,,,,,https://www.getcharadesideas.com/resources/famous-people-charades-ideas-the-complete-list/,135
words for charades,Informational,1000,33,0.03,0.22,0,0,0,0,8,,,,,https://www.getcharadesideas.com/,119
charadas,Informational,880,27,0.23,0.33,0,0,0,0,45,,,,,https://www.getcharadesideas.com/,137
charades categories,Informational,880,42,0.02,0.07,0,0,0,0,2,,,,,https://www.getcharadesideas.com/resources/a-list-of-120-easy-and-hard-charades-ideas/,127
christmas charade,"Informational, Transactional",880,36,0.00,0.42,0,0,0,0,8,,,,,https://www.getcharadesideas.com/resources/charades-ideas-for-christmas-the-complete-list-118-words-phrases/,155
christmas charades game,"Commercial, Informational",880,8,0.00,0.42,0,0,0,0,6,,,,,https://www.getcharadesideas.com/resources/charades-ideas-for-christmas-the-complete-list-118-words-phrases/,158
christmas charades ideas,Commercial,880,15,0.00,0.05,0,0,0,0,1,,,,,https://www.getcharadesideas.com/resources/charades-ideas-for-christmas-the-complete-list-118-words-phrases/,141
christmas pictionary words,Informational,880,23,0.00,0.44,0,0,0,0,43,,,,,https://www.getcharadesideas.com/resources/charades-ideas-for-christmas-the-complete-list-118-words-phrases/,107
family charades,Commercial,880,19,0.17,0.48,0,0,0,0,6,,,,,https://www.getcharadesideas.com/resources/family-charades-ideas-and-how-to-act-them-out/,196
words for game of charades,Informational,880,41,0.03,0.22,0,39,0,35,8,,https://www.kidscharades.com/online-charades-generator.html,,https://play.gameonfamily.com/charades/,https://www.getcharadesideas.com/,151
animal chara,Informational,720,18,0.00,0.01,0,0,0,0,26,,,,,https://www.getcharadesideas.com/resources/charades-animal-ideas/,120
charades cards,Commercial,720,25,0.37,0.86,0,51,0,0,4,,https://www.kidscharades.com/online-charades-generator.html,,,https://www.getcharadesideas.com/resources/a-list-of-120-easy-and-hard-charades-ideas/,186
charades list,Informational,720,19,0.02,0.10,0,0,47,0,5,,,https://charadesideasgenerator.com/funny-charades-ideas/,,https://www.getcharadesideas.com/resources/a-list-of-120-easy-and-hard-charades-ideas/,119
charades rules,Informational,720,14,0.00,0.33,0,0,38,0,21,,,https://charadesideasgenerator.com/charades-rules/,,https://www.getcharadesideas.com/how-to-play-charades/,113
cherades,Informational,720,60,0.45,0.10,0,0,0,44,7,,,,https://play.gameonfamily.com/charades/,https://www.getcharadesideas.com/,132
hard animals to guess,Informational,720,25,0.00,0.33,0,0,0,0,13,,,,,https://www.getcharadesideas.com/resources/charades-animal-ideas/,129
kids charades,Informational,720,36,0.00,0.00,0,1,0,0,6,,https://www.kidscharades.com/online-charades-generator.html,,,https://www.getcharadesideas.com/resources/charades-ideas-for-kids-of-all-ages-the-ultimate-list-130-ideas/,191
sherades,Informational,720,60,0.45,0.10,0,0,0,52,7,,,,https://play.gameonfamily.com/charades/,https://www.getcharadesideas.com/,134
things for charades,Informational,720,31,0.03,0.47,0,0,45,0,2,,,https://charadesideasgenerator.com/funny-charades-ideas/,,https://www.getcharadesideas.com/resources/a-list-of-120-easy-and-hard-charades-ideas/,187
what is charades game,Informational,720,37,0.00,0.01,0,0,50,0,26,,,https://charadesideasgenerator.com/how-to-play-charades/,,https://www.getcharadesideas.com/how-to-play-charades/,127
charades game rules,Informational,590,18,0.02,0.01,0,0,45,0,21,,,https://charadesideasgenerator.com/charades-rules/,,https://www.getcharadesideas.com/charades-rules/,117
charades games,Commercial,590,48,0.46,0.35,0,0,0,45,21,,,,https://play.gameonfamily.com/charades/,https://www.getcharadesideas.com/,180
emoji charades,Informational,590,21,0.70,0.08,0,0,18,0,0,,,https://charadesideasgenerator.com/emoji-charades/,,,123
funny charades,Informational,590,47,0.03,0.15,0,0,21,0,5,,,https://charadesideasgenerator.com/funny-charades-ideas/,,https://www.getcharadesideas.com/resources/funny-charades-ideas-and-how-to-act-them-out/,114
games charades,Informational,590,52,0.45,0.10,0,0,0,0,16,,,,,https://www.getcharadesideas.com/,134
good charade ideas,Informational,590,39,0.03,0.16,0,0,34,0,1,,,https://charadesideasgenerator.com/funny-charades-ideas/,,https://www.getcharadesideas.com/resources/a-list-of-120-easy-and-hard-charades-ideas/,111
good charades,Informational,590,38,0.02,0.22,0,0,0,0,1,,,,,https://www.getcharadesideas.com/resources/a-list-of-120-easy-and-hard-charades-ideas/,135
halloween charades game,Informational,590,5,0.00,0.85,0,0,0,0,12,,,,,https://www.getcharadesideas.com/resources/charades-halloween-ideas/,158
ideas for charades,Informational,590,42,0.03,0.31,0,0,0,0,2,,,,,https://www.getcharadesideas.com/resources/a-list-of-120-easy-and-hard-charades-ideas/,89
online charades,Informational,590,43,0.41,0.13,0,25,0,31,6,,https://www.kidscharades.com/online-charades-generator.html,,https://play.gameonfamily.com/charades/,https://www.getcharadesideas.com/,101
random famous person generator,Commercial,590,15,0.00,0.33,0,0,0,0,22,,,,,https://www.getcharadesideas.com/resources/famous-people-charades-ideas-the-complete-list/,101
best charades,"Commercial, Informational",480,43,0.03,0.15,0,0,0,0,1,,,,,https://www.getcharadesideas.com/resources/a-list-of-120-easy-and-hard-charades-ideas/,193
best charades ideas,Commercial,480,30,0.02,0.55,0,0,36,0,1,,,https://charadesideasgenerator.com/funny-charades-ideas/,,https://www.getcharadesideas.com/resources/a-list-of-120-easy-and-hard-charades-ideas/,116
cast of the christmas charade,Informational,480,32,0.00,0.33,0,0,0,0,45,,,,,https://www.getcharadesideas.com/resources/charades-ideas-for-christmas-the-complete-list-118-words-phrases/,145
categories of charades,Informational,480,22,0.02,0.05,0,0,10,0,2,,,https://charadesideasgenerator.com/charades-categories/,,https://www.getcharadesideas.com/resources/a-list-of-120-easy-and-hard-charades-ideas/,137
charades game for family,"Commercial, Informational",480,12,0.30,0.92,0,0,0,0,4,,,,,https://www.getcharadesideas.com/resources/family-charades-ideas-and-how-to-act-them-out/,195
charades hardest words,Informational,480,20,0.02,0.04,0,0,0,0,3,,,,,https://www.getcharadesideas.com/resources/a-list-of-120-easy-and-hard-charades-ideas/,92
charades ideas for kids,Informational,480,28,0.00,0.00,0,42,0,0,3,,https://www.kidscharades.com/online-charades-generator.html,,,https://www.getcharadesideas.com/resources/charades-ideas-for-kids-of-all-ages-the-ultimate-list-130-ideas/,130
charades topics,Informational,480,38,0.02,0.14,0,0,33,0,3,,,https://charadesideasgenerator.com/funny-charades-ideas/,,https://www.getcharadesideas.com/resources/a-list-of-120-easy-and-hard-charades-ideas/,138
christmas things beginning with q,Informational,480,12,0.00,0.33,0,0,0,0,61,,,,,https://www.getcharadesideas.com/resources/charades-ideas-for-christmas-the-complete-list-118-words-phrases/,150
films for dumb charades,Informational,480,27,0.00,0.33,0,0,0,0,9,,,,,https://www.getcharadesideas.com/resources/the-big-list-of-137-charades-movie-ideas/,101
free charades game,Informational,480,52,0.28,0.15,0,32,0,0,30,,https://www.kidscharades.com/online-charades-generator.html,,,https://www.getcharadesideas.com/,148
good suggestions for charades,Informational,480,38,0.03,0.16,0,0,49,0,1,,,https://charadesideasgenerator.com/,,https://www.getcharadesideas.com/resources/a-list-of-120-easy-and-hard-charades-ideas/,137
how do you spell charades,Informational,480,53,0.00,0.00,0,0,0,90,49,,,,https://play.gameonfamily.com/charades/,https://www.getcharadesideas.com/,173
picture charades,Informational,480,26,0.61,0.44,0,0,3,0,20,,,https://charadesideasgenerator.com/picture-charades-generator/,,https://www.getcharadesideas.com/,184
printable charades cards,Informational,480,6,0.00,0.29,0,0,0,0,4,,,,,https://www.getcharadesideas.com/resources/a-list-of-120-easy-and-hard-charades-ideas/,161
running charades,Informational,480,15,0.63,0.04,0,0,0,0,19,,,,,https://www.getcharadesideas.com/resources/a-list-of-120-easy-and-hard-charades-ideas/,167
shardes,Informational,480,43,0.56,0.03,0,0,0,77,61,,,,https://play.gameonfamily.com/charades/,https://www.getcharadesideas.com/,24800000
things that start with q for christmas,Informational,480,17,0.00,0.33,0,0,0,0,64,,,,,https://www.getcharadesideas.com/resources/charades-ideas-for-christmas-the-complete-list-118-words-phrases/,148
adult charades game,Commercial,390,22,0.35,0.54,0,0,0,0,16,,,,,https://www.getcharadesideas.com/resources/100-adult-charades-ideas/,196
charade cards,"Informational, Transactional",390,28,0.29,0.87,0,0,0,0,6,,,,,https://www.getcharadesideas.com/resources/a-list-of-120-easy-and-hard-charades-ideas/,188
charade ideas for kids,Informational,390,28,0.00,0.00,0,18,0,0,2,,https://www.kidscharades.com/online-charades-generator.html,,,https://www.getcharadesideas.com/resources/charades-ideas-for-kids-of-all-ages-the-ultimate-list-130-ideas/,196
charade synonym,Informational,390,22,0.00,0.33,0,0,0,0,52,,,,,https://www.getcharadesideas.com/resources/a-list-of-120-easy-and-hard-charades-ideas/,107
charades actions,Informational,390,27,0.03,0.29,0,0,4,0,12,,,https://charadesideasgenerator.com/actions-charades-generator/,,https://www.getcharadesideas.com/resources/charades-ideas-for-kids-of-all-ages-the-ultimate-list-130-ideas/,133
charades wheel,Informational,390,13,0.00,0.33,0,35,0,37,11,,https://www.kidscharades.com/online-charades-generator.html,,https://play.gameonfamily.com/charades/,https://www.getcharadesideas.com/,161
christmas heads up game,Informational,390,27,0.00,0.33,0,0,0,0,15,,,,,https://www.getcharadesideas.com/resources/charades-ideas-for-christmas-the-complete-list-118-words-phrases/,158
disney charades game,"Commercial, Informational",390,16,0.59,0.73,0,0,9,0,0,,,https://charadesideasgenerator.com/disney-charades-generator/,,,190
emoji charades game,Informational,390,19,0.00,0.07,0,0,38,0,0,,,https://charadesideasgenerator.com/emoji-charades/,,,190
games like charades,Informational,390,22,0.37,0.50,0,0,0,0,54,,,,,https://www.getcharadesideas.com/resources/a-list-of-120-easy-and-hard-charades-ideas/,128
hard animals,Informational,390,21,0.00,0.33,0,0,0,0,30,,,,,https://www.getcharadesideas.com/resources/charades-animal-ideas/,124
hard charades,Informational,390,25,0.02,0.09,0,0,0,0,1,,,,,https://www.getcharadesideas.com/resources/a-list-of-120-easy-and-hard-charades-ideas/,108
play charades,Informational,390,50,0.50,0.04,0,37,0,53,20,,https://www.kidscharades.com/online-charades-generator.html,,https://play.gameonfamily.com/charades/,https://www.getcharadesideas.com/,127
rules of charades,Informational,390,24,0.00,0.33,0,0,41,0,21,,,https://charadesideasgenerator.com/charades-rules/,,https://www.getcharadesideas.com/charades-rules/,117
best charades words,Commercial,320,41,0.02,0.17,0,0,0,0,6,,,,,https://www.getcharadesideas.com/,110
charade categories,Informational,320,46,0.02,0.19,0,0,14,0,1,,,https://charadesideasgenerator.com/charades-categories/,,https://www.getcharadesideas.com/resources/a-list-of-120-easy-and-hard-charades-ideas/,123
charade prompts,Informational,320,33,0.03,0.14,0,0,28,0,6,,,https://charadesideasgenerator.com/,,https://www.getcharadesideas.com/resources/a-list-of-120-easy-and-hard-charades-ideas/,122
charade topics,Informational,320,36,0.02,0.14,0,0,0,0,3,,,,,https://www.getcharadesideas.com/resources/a-list-of-120-easy-and-hard-charades-ideas/,130
charades game word list,Informational,320,32,0.03,0.18,0,0,0,0,7,,,,,https://www.getcharadesideas.com/resources/a-list-of-120-easy-and-hard-charades-ideas/,145
charades word list,Informational,320,19,0.03,0.24,0,0,0,0,7,,,,,https://www.getcharadesideas.com/resources/a-list-of-120-easy-and-hard-charades-ideas/,110
chardes,Informational,320,60,0.45,0.10,0,0,0,43,5,,,,https://play.gameonfamily.com/charades/,https://www.getcharadesideas.com/,132
cherade,Informational,320,68,0.45,0.10,0,0,0,0,30,,,,,https://www.getcharadesideas.com/resources/a-list-of-120-easy-and-hard-charades-ideas/,125
christmas hangman words,Informational,320,18,0.00,0.33,0,0,0,0,48,,,,,https://www.getcharadesideas.com/resources/charades-ideas-for-christmas-the-complete-list-118-words-phrases/,105
fun things for charades,Informational,320,38,0.03,0.17,0,0,33,0,5,,,https://charadesideasgenerator.com/funny-charades-ideas/,,https://www.getcharadesideas.com/resources/a-list-of-120-easy-and-hard-charades-ideas/,199
good charades words,Informational,320,32,0.03,0.17,0,0,0,0,4,,,,,https://www.getcharadesideas.com/resources/a-list-of-120-easy-and-hard-charades-ideas/,109
good things for charades,Informational,320,34,0.02,0.25,0,0,0,0,1,,,,,https://www.getcharadesideas.com/resources/a-list-of-120-easy-and-hard-charades-ideas/,5170000
guess charades game,Commercial,320,48,0.70,0.44,0,0,0,33,11,,,,https://play.gameonfamily.com/charades/,https://www.getcharadesideas.com/,202
hard ideas for charades,Informational,320,17,0.03,0.07,0,0,34,0,1,,,https://charadesideasgenerator.com/funny-charades-ideas/,,https://www.getcharadesideas.com/resources/a-list-of-120-easy-and-hard-charades-ideas/,113
holiday charades,Informational,320,20,0.00,0.14,0,0,0,0,1,,,,,https://www.getcharadesideas.com/resources/charades-ideas-for-christmas-the-complete-list-118-words-phrases/,111
kids charades ideas,Informational,320,27,0.00,0.00,0,42,0,0,2,,https://www.kidscharades.com/online-charades-generator.html,,,https://www.getcharadesideas.com/resources/charades-ideas-for-kids-of-all-ages-the-ultimate-list-130-ideas/,192
print charades cards,Commercial,320,7,0.00,0.29,0,0,0,0,13,,,,,https://www.getcharadesideas.com/resources/charades-ideas-for-kids-of-all-ages-the-ultimate-list-130-ideas/,161
printable charades game cards,Commercial,320,8,0.00,0.43,0,0,0,0,4,,,,,https://www.getcharadesideas.com/resources/a-list-of-120-easy-and-hard-charades-ideas/,161
rules for charades game,Informational,320,28,0.00,0.33,0,0,64,0,23,,,https://charadesideasgenerator.com/how-to-play-charades/,,https://www.getcharadesideas.com/how-to-play-charades/,117
show ideas,Informational,320,25,0.00,0.33,0,0,0,0,14,,,,,https://www.getcharadesideas.com/resources/charades-tv-show-ideas-article/,134
television program ideas,Informational,320,-1,0.00,0.33,0,0,0,0,19,,,,,https://www.getcharadesideas.com/resources/charades-tv-show-ideas-article/,1540
things to act out in charades,Informational,320,34,0.03,0.23,0,0,34,0,3,,,https://charadesideasgenerator.com/funny-charades-ideas/,,https://www.getcharadesideas.com/resources/a-list-of-120-easy-and-hard-charades-ideas/,186
tv show ideas,Informational,320,17,0.00,0.33,0,0,0,0,21,,,,,https://www.getcharadesideas.com/resources/charades-tv-show-ideas-article/,2100
charade game words,Informational,260,29,0.02,0.58,0,0,0,11,13,,,,https://play.gameonfamily.com/charades/,https://www.getcharadesideas.com/,123
charades classroom game,"Commercial, Informational",260,24,0.00,0.33,0,45,0,0,35,,https://www.kidscharades.com/online-charades-generator.html,,,https://www.getcharadesideas.com/resources/a-list-of-120-easy-and-hard-charades-ideas/,183
charades examples,Informational,260,38,0.02,0.19,0,0,42,0,2,,,https://charadesideasgenerator.com/,,https://www.getcharadesideas.com/resources/a-list-of-120-easy-and-hard-charades-ideas/,135
charades game list,Informational,260,31,0.02,0.54,0,0,0,0,4,,,,,https://www.getcharadesideas.com/resources/a-list-of-120-easy-and-hard-charades-ideas/,153
charades ideas to act out,Informational,260,41,0.02,0.46,0,0,0,0,4,,,,,https://www.getcharadesideas.com/resources/a-list-of-120-easy-and-hard-charades-ideas/,146
charades vocabulary game,Informational,260,17,0.00,0.33,0,0,0,50,15,,,,https://play.gameonfamily.com/charades/,https://www.getcharadesideas.com/,157
childrens charades,"Commercial, Informational",260,38,0.20,0.99,0,4,0,0,2,,https://www.kidscharades.com/online-charades-generator.html,,,https://www.getcharadesideas.com/resources/charades-ideas-for-kids-of-all-ages-the-ultimate-list-130-ideas/,188
childrens christmas charades,Commercial,260,7,0.40,1.00,0,0,0,0,7,,,,,https://www.getcharadesideas.com/resources/charades-ideas-for-christmas-the-complete-list-118-words-phrases/,121
dumb charades movies,Informational,260,28,0.00,0.33,0,0,0,0,12,,,,,https://www.getcharadesideas.com/resources/the-big-list-of-137-charades-movie-ideas/,104
fun ideas for charades,Informational,260,40,0.02,0.24,0,0,32,0,5,,,https://charadesideasgenerator.com/funny-charades-ideas/,,https://www.getcharadesideas.com/,128
good movies for charades,Informational,260,49,0.00,0.33,0,0,0,0,1,,,,,https://www.getcharadesideas.com/resources/the-big-list-of-137-charades-movie-ideas/,98
good words for charades,Informational,260,31,0.03,0.17,0,0,0,0,9,,,,,https://www.getcharadesideas.com/resources/a-list-of-120-easy-and-hard-charades-ideas/,119
great words for charades,Informational,260,31,0.03,0.17,0,0,0,0,7,,,,,https://www.getcharadesideas.com/resources/a-list-of-120-easy-and-hard-charades-ideas/,119
halloween charades ideas,Informational,260,14,0.00,0.09,0,0,0,0,5,,,,,https://www.getcharadesideas.com/resources/charades-halloween-ideas/,104
holiday charades game,Commercial,260,21,0.00,0.14,0,0,0,0,5,,,,,https://www.getcharadesideas.com/resources/charades-ideas-for-christmas-the-complete-list-118-words-phrases/,144
picture charades game,Informational,260,14,0.57,0.57,0,0,4,0,0,,,https://charadesideasgenerator.com/picture-charades-generator/,,,191
playing charades,Informational,260,50,0.47,0.15,0,0,0,0,38,,,,,https://www.getcharadesideas.com/,98
random list of famous people,Informational,260,22,0.00,0.33,0,0,0,0,18,,,,,https://www.getcharadesideas.com/resources/famous-people-charades-ideas-the-complete-list/,172
rules for charades,Informational,260,23,0.00,0.33,0,0,28,0,22,,,https://charadesideasgenerator.com/charades-rules/,,https://www.getcharadesideas.com/how-to-play-charades/,112
sharades game,"Commercial, Informational",260,41,0.45,0.10,0,0,0,48,19,,,,https://play.gameonfamily.com/charades/,https://www.getcharadesideas.com/,195
sharades games,"Commercial, Informational",260,53,0.46,0.35,0,0,0,56,23,,,,https://play.gameonfamily.com/charades/,https://www.getcharadesideas.com/,182
shrades,Informational,260,61,0.54,0.07,0,42,0,14,6,,https://www.kidscharades.com/online-charades-generator.html,,https://play.gameonfamily.com/charades/,https://www.getcharadesideas.com/,136
thanksgiving pictionary words,Informational,260,11,0.00,0.33,0,0,0,0,65,,,,,https://www.getcharadesideas.com/resources/charades-thanksgiving-ideas/,111
websites like charadex,Informational,260,31,0.00,0.00,0,0,0,0,14,,,,,https://www.getcharadesideas.com/,4860000
words for christmas hangman,Informational,260,23,0.00,0.13,0,0,0,0,39,,,,,https://www.getcharadesideas.com/resources/charades-ideas-for-christmas-the-complete-list-118-words-phrases/,119
backwards charades topics,Informational,210,3,0.00,0.03,0,0,3,0,56,,,https://charadesideasgenerator.com/reverse-charades-ideas/,,https://www.getcharadesideas.com/resources/100-adult-charades-ideas/,123
best charades topics,Commercial,210,45,0.02,0.55,0,0,0,0,2,,,,,https://www.getcharadesideas.com/resources/a-list-of-120-easy-and-hard-charades-ideas/,105
categories for charades,Informational,210,41,0.02,0.07,0,0,0,32,3,,,,https://play.gameonfamily.com/charades/,https://www.getcharadesideas.com/resources/a-list-of-120-easy-and-hard-charades-ideas/,135
charade ideas christmas,Informational,210,11,0.00,0.96,0,0,0,0,1,,,,,https://www.getcharadesideas.com/resources/charades-ideas-for-christmas-the-complete-list-118-words-phrases/,109
charades characters,Informational,210,26,0.00,0.01,0,0,20,0,2,,,https://charadesideasgenerator.com/celebrity-charades-ideas/,,https://www.getcharadesideas.com/resources/famous-people-charades-ideas-the-complete-list/,158
charades clipart,Informational,210,18,0.00,0.33,0,0,34,0,0,,,https://charadesideasgenerator.com/picture-charades-generator/,,,106
charades for teens,Informational,210,14,0.19,0.88,0,0,24,0,11,,,https://charadesideasgenerator.com/charades-ideas-for-teens/,,https://www.getcharadesideas.com/resources/a-list-of-120-easy-and-hard-charades-ideas/,184
charades game categories,Informational,210,25,0.02,0.05,0,0,31,0,3,,,https://charadesideasgenerator.com/charades-categories/,,https://www.getcharadesideas.com/resources/a-list-of-120-easy-and-hard-charades-ideas/,136
charades game printable,Informational,210,6,0.00,0.53,0,0,0,0,4,,,,,https://www.getcharadesideas.com/resources/a-list-of-120-easy-and-hard-charades-ideas/,132
charades good ideas,Informational,210,37,0.02,0.25,0,0,0,0,1,,,,,https://www.getcharadesideas.com/resources/a-list-of-120-easy-and-hard-charades-ideas/,203
charades lists,Informational,210,20,0.02,0.10,0,0,0,0,1,,,,,https://www.getcharadesideas.com/resources/a-list-of-120-easy-and-hard-charades-ideas/,112
charades phrases,Informational,210,32,0.03,0.16,0,0,0,0,3,,,,,https://www.getcharadesideas.com/resources/a-list-of-120-easy-and-hard-charades-ideas/,129
charades printable,Informational,210,12,0.00,0.53,0,0,0,0,4,,,,,https://www.getcharadesideas.com/resources/a-list-of-120-easy-and-hard-charades-ideas/,100
childrens charades ideas,Informational,210,28,0.03,1.00,0,3,0,0,1,,https://www.kidscharades.com/online-charades-generator.html,,,https://www.getcharadesideas.com/resources/charades-ideas-for-kids-of-all-ages-the-ultimate-list-130-ideas/,195
chirades,Informational,210,55,0.46,0.35,0,0,0,50,6,,,,https://play.gameonfamily.com/charades/,https://www.getcharadesideas.com/,131
cool charades ideas,Informational,210,44,0.02,0.55,0,0,36,0,4,,,https://charadesideasgenerator.com/funny-charades-ideas/,,https://www.getcharadesideas.com/,121
difficult english movie names for dumb charades,Informational,210,22,0.00,0.33,0,0,0,0,7,,,,,https://www.getcharadesideas.com/resources/the-big-list-of-137-charades-movie-ideas/,69
dumb charades movies english,Informational,210,19,0.00,0.33,0,0,0,0,2,,,,,https://www.getcharadesideas.com/resources/the-big-list-of-137-charades-movie-ideas/,73
easter charades,Informational,210,5,0.32,1.00,0,0,9,0,57,,,https://charadesideasgenerator.com/easter-charades-ideas/,,https://www.getcharadesideas.com/resources/a-list-of-120-easy-and-hard-charades-ideas/,103
easy charades,Informational,210,44,0.03,0.21,0,0,0,33,3,,,,https://play.gameonfamily.com/charades/,https://www.getcharadesideas.com/resources/a-list-of-120-easy-and-hard-charades-ideas/,135
english dumb charades movies,Informational,210,24,0.00,0.33,0,0,0,0,5,,,,,https://www.getcharadesideas.com/resources/the-big-list-of-137-charades-movie-ideas/,72
english movie names for dumb charades,Informational,210,23,0.00,0.33,0,0,0,0,2,,,,,https://www.getcharadesideas.com/resources/the-big-list-of-137-charades-movie-ideas/,62
english movies for damsharas,Informational,210,23,0.00,0.33,0,0,0,0,6,,,,,https://www.getcharadesideas.com/resources/the-big-list-of-137-charades-movie-ideas/,82
family charades game,"Informational, Transactional",210,23,0.35,0.93,0,0,0,0,8,,,,,https://www.getcharadesideas.com/resources/family-charades-ideas-and-how-to-act-them-out/,184
fun charades ideas,Informational,210,37,0.03,0.67,0,0,6,0,2,,,https://charadesideasgenerator.com/funny-charades-ideas/,,https://www.getcharadesideas.com/resources/a-list-of-120-easy-and-hard-charades-ideas/,120
game of charades,Informational,210,54,0.50,0.31,0,0,0,0,16,,,,,https://www.getcharadesideas.com/,157
great charades topics,Informational,210,40,0.03,0.17,0,0,29,0,2,,,https://charadesideasgenerator.com/funny-charades-ideas/,,https://www.getcharadesideas.com/resources/a-list-of-120-easy-and-hard-charades-ideas/,128
hangman famous people,Informational,210,11,0.00,0.33,0,0,0,0,8,,,,,https://www.getcharadesideas.com/resources/famous-people-charades-ideas-the-complete-list/,129
movie names for dumb charades,Informational,210,23,0.00,0.33,0,0,0,0,13,,,,,https://www.getcharadesideas.com/resources/the-big-list-of-137-charades-movie-ideas/,90
movies for damsharas english,Informational,210,24,0.00,0.33,0,0,0,0,4,,,,,https://www.getcharadesideas.com/resources/the-big-list-of-137-charades-movie-ideas/,83
movies for dumb charades,Informational,210,22,0.00,0.33,0,0,0,0,8,,,,,https://www.getcharadesideas.com/resources/the-big-list-of-137-charades-movie-ideas/,96
reverse charades ideas,Informational,210,12,0.00,0.03,0,0,3,0,0,,,https://charadesideasgenerator.com/reverse-charades-generator/,,,124
scharades,Informational,210,57,0.54,0.07,0,43,0,47,6,,https://www.kidscharades.com/online-charades-generator.html,,https://play.gameonfamily.com/charades/,https://www.getcharadesideas.com/,135
serades,Informational,210,59,0.38,0.06,0,0,0,46,6,,,,https://play.gameonfamily.com/charades/,https://www.getcharadesideas.com/,128
sheraids game,Commercial,210,55,0.45,0.10,0,0,0,43,14,,,,https://play.gameonfamily.com/charades/,https://www.getcharadesideas.com/,198
songs for charades,Informational,210,22,0.00,0.06,0,0,4,0,1,,,https://charadesideasgenerator.com/song-titles-for-charades/,,https://www.getcharadesideas.com/resources/charades-song-ideas/,123
songs ideas,Informational,210,25,1.13,0.04,0,0,0,0,37,,,,,https://www.getcharadesideas.com/resources/charades-song-ideas/,108
things to do for charades,Informational,210,25,0.02,0.18,0,0,28,0,2,,,https://charadesideasgenerator.com/funny-charades-ideas/,,https://www.getcharadesideas.com/resources/a-list-of-120-easy-and-hard-charades-ideas/,145
xmas pictionary ideas,Informational,210,17,0.00,0.33,0,0,0,0,45,,,,,https://www.getcharadesideas.com/resources/charades-ideas-for-christmas-the-complete-list-118-words-phrases/,106
camping would,Navigational,170,47,0.71,0.85,0,0,46,0,0,,,https://charadesideasgenerator.com/camping-charades-ideas/,,,0
charada game,Informational,170,64,0.50,0.31,0,0,0,45,8,,,,https://play.gameonfamily.com/charades/,https://www.getcharadesideas.com/,157
charade rules,Informational,170,17,0.00,0.33,0,0,73,0,18,,,https://charadesideasgenerator.com/charades-rules/,,https://www.getcharadesideas.com/how-to-play-charades/,110
charades box,Informational,170,20,0.00,0.28,0,43,0,65,11,,https://www.kidscharades.com/online-charades-generator.html,,https://play.gameonfamily.com/charades/,https://www.getcharadesideas.com/resources/a-list-of-120-easy-and-hard-charades-ideas/,200
charades for christmas words,Informational,170,12,0.00,0.05,0,0,0,0,1,,,,,https://www.getcharadesideas.com/resources/charades-ideas-for-christmas-the-complete-list-118-words-phrases/,132
charades ideas for thanksgiving,Informational,170,5,0.00,0.07,0,0,38,0,9,,,https://charadesideasgenerator.com/thanksgiving-charades-generator/,,https://www.getcharadesideas.com/resources/charades-thanksgiving-ideas/,102
charading,Informational,170,57,0.45,0.10,0,0,0,0,11,,,,,https://www.getcharadesideas.com/,132
chardes game,"Commercial, Informational",170,52,0.50,0.31,0,0,0,62,16,,,,https://play.gameonfamily.com/charades/,https://www.getcharadesideas.com/,197
cherades game,Commercial,170,54,0.45,0.10,0,0,0,41,15,,,,https://play.gameonfamily.com/charades/,https://www.getcharadesideas.com/,193
chrades game,Informational,170,47,0.50,0.31,0,0,0,0,17,,,,,https://www.getcharadesideas.com/,199
christmas categories,Informational,170,6,0.00,0.24,0,0,0,0,15,,,,,https://www.getcharadesideas.com/resources/charades-ideas-for-christmas-the-complete-list-118-words-phrases/,133
christmas charades board game,Commercial,170,19,0.00,0.00,0,0,0,0,6,,,,,https://www.getcharadesideas.com/resources/charades-ideas-for-christmas-the-complete-list-118-words-phrases/,121
christmas charades/pictionary,Commercial,170,16,0.00,0.00,0,0,0,0,7,,,,,https://www.getcharadesideas.com/resources/charades-ideas-for-christmas-the-complete-list-118-words-phrases/,127
christmas heads up,Informational,170,10,0.58,0.69,0,0,0,0,6,,,,,https://www.getcharadesideas.com/resources/charades-ideas-for-christmas-the-complete-list-118-words-phrases/,96
christmas pictionary word generator,Informational,170,21,0.42,0.46,0,0,0,0,21,,,,,https://www.getcharadesideas.com/christmas-charades-ideas/,86
damsharas movie names,Informational,170,28,0.00,0.00,0,0,0,0,16,,,,,https://www.getcharadesideas.com/resources/the-big-list-of-137-charades-movie-ideas/,106
difficult movies for dumb charades,Informational,170,31,0.00,0.33,0,0,0,0,15,,,,,https://www.getcharadesideas.com/resources/the-big-list-of-137-charades-movie-ideas/,82
easy charades game,Informational,170,45,0.03,0.21,0,0,0,40,2,,,,https://play.gameonfamily.com/charades/,https://www.getcharadesideas.com/resources/a-list-of-120-easy-and-hard-charades-ideas/,120
film names for dumb charades,Informational,170,27,0.00,0.33,0,0,0,0,15,,,,,https://www.getcharadesideas.com/resources/the-big-list-of-137-charades-movie-ideas/,100
game word generator,Informational,170,41,0.00,0.00,0,0,0,45,0,,,,https://play.gameonfamily.com/charades/,,107
games similar to charades,Informational,170,19,0.37,0.50,0,0,0,0,54,,,,,https://www.getcharadesideas.com/resources/a-list-of-120-easy-and-hard-charades-ideas/,122
good charade games,"Commercial, Informational",170,44,0.04,0.38,0,0,0,0,1,,,,,https://www.getcharadesideas.com/resources/a-list-of-120-easy-and-hard-charades-ideas/,190
great charades,Informational,170,48,0.03,0.16,0,0,0,0,2,,,,,https://www.getcharadesideas.com/resources/a-list-of-120-easy-and-hard-charades-ideas/,138
great charades ideas,Informational,170,42,0.02,0.55,0,0,32,0,1,,,https://charadesideasgenerator.com/funny-charades-ideas/,,https://www.getcharadesideas.com/resources/a-list-of-120-easy-and-hard-charades-ideas/,113
heads up game words,Informational,170,48,0.17,0.03,0,0,0,0,22,,,,,https://www.getcharadesideas.com/,138
hood charades,Informational,170,25,0.27,0.92,0,0,0,0,11,,,,,https://www.getcharadesideas.com/resources/a-list-of-120-easy-and-hard-charades-ideas/,163
movie names for damsharas,Informational,170,27,0.00,0.33,0,0,0,0,14,,,,,https://www.getcharadesideas.com/resources/the-big-list-of-137-charades-movie-ideas/,108
movies name for damsharas,Informational,170,27,0.00,0.33,0,0,0,0,19,,,,,https://www.getcharadesideas.com/resources/the-big-list-of-137-charades-movie-ideas/,106
pictionary charades game,Informational,170,17,0.00,0.37,0,0,0,0,23,,,,,https://www.getcharadesideas.com/,180
pictionary movies,Informational,170,21,0.00,0.33,0,0,0,0,14,,,,,https://www.getcharadesideas.com/resources/the-big-list-of-137-charades-movie-ideas/,98
play charades game,Informational,170,50,0.47,0.15,0,0,0,0,22,,,,,https://www.getcharadesideas.com/,186
printable charades,Informational,170,23,0.00,0.83,0,0,0,0,3,,,,,https://www.getcharadesideas.com/resources/a-list-of-120-easy-and-hard-charades-ideas/,107
random action generator,Commercial,170,4,0.00,0.00,0,0,4,0,0,,,https://charadesideasgenerator.com/actions-charades-generator/,,,95
scherades,Informational,170,60,0.54,0.07,0,42,0,47,5,,https://www.kidscharades.com/online-charades-generator.html,,https://play.gameonfamily.com/charades/,https://www.getcharadesideas.com/,135
sherades game,Informational,170,52,0.50,0.31,0,0,0,64,17,,,,https://play.gameonfamily.com/charades/,https://www.getcharadesideas.com/,196
sherrades,Informational,170,61,0.45,0.10,0,0,0,0,7,,,,,https://www.getcharadesideas.com/,132
songs with fun in title,Informational,170,19,0.00,0.33,0,0,32,0,0,,,https://charadesideasgenerator.com/song-titles-for-charades/,,,91
spell charades,Informational,170,51,0.00,0.33,0,0,0,0,10,,,,,https://www.getcharadesideas.com/,128
surade game,Informational,170,53,0.45,0.10,0,0,0,0,60,,,,,https://www.getcharadesideas.com/resources/a-list-of-120-easy-and-hard-charades-ideas/,163
synonyms for charade,Informational,170,20,0.00,0.33,0,0,0,0,62,,,,,https://www.getcharadesideas.com/resources/a-list-of-120-easy-and-hard-charades-ideas/,111
telephone charades,Informational,170,2,0.00,0.33,0,0,0,0,17,,,,,https://www.getcharadesideas.com/resources/a-list-of-120-easy-and-hard-charades-ideas/,172
thanksgiving charades ideas,Informational,170,9,0.00,0.33,0,0,38,0,7,,,https://charadesideasgenerator.com/thanksgiving-charades-generator/,,https://www.getcharadesideas.com/resources/charades-thanksgiving-ideas/,104
thanksgiving charades topics,Informational,170,6,0.00,0.07,0,0,11,0,7,,,https://charadesideasgenerator.com/thanksgiving-charades-generator/,,https://www.getcharadesideas.com/resources/charades-thanksgiving-ideas/,91
thanksgiving charades words,Informational,170,74,0.00,0.33,0,0,35,0,0,,,https://charadesideasgenerator.com/thanksgiving-charades-generator/,,,125
theatre play ideas,Informational,170,8,0.00,0.33,0,0,0,0,15,,,,,https://www.getcharadesideas.com/resources/charades-theatre-ideas/,136
things to act out,Informational,170,33,0.02,0.10,0,0,22,0,6,,,https://charadesideasgenerator.com/funny-charades-ideas/,,https://www.getcharadesideas.com/resources/a-list-of-120-easy-and-hard-charades-ideas/,120
tough movies for charades,Informational,170,31,0.00,0.00,0,0,0,0,2,,,,,https://www.getcharadesideas.com/resources/the-big-list-of-137-charades-movie-ideas/,236000
tv programme ideas,Informational,170,24,0.00,0.00,0,0,0,0,15,,,,,https://www.getcharadesideas.com/resources/charades-tv-show-ideas-article/,1060
action generator,Informational,140,12,5.70,0.05,0,0,9,0,0,,,https://charadesideasgenerator.com/actions-charades-generator/,,,166
best things for charades,Commercial,140,38,0.03,0.16,0,0,40,0,1,,,https://charadesideasgenerator.com/funny-charades-ideas/,,https://www.getcharadesideas.com/resources/a-list-of-120-easy-and-hard-charades-ideas/,174
celebrity heads,Informational,140,22,0.00,0.03,0,0,32,0,18,,,https://charadesideasgenerator.com/celebrity-charades-generator/,,https://www.getcharadesideas.com/resources/famous-people-charades-ideas-the-complete-list/,172
charade gif,Informational,140,18,0.00,0.33,0,0,0,0,15,,,,,https://www.getcharadesideas.com/,107
charades cards to print,Informational,140,6,0.00,0.29,0,0,0,0,5,,,,,https://www.getcharadesideas.com/resources/a-list-of-120-easy-and-hard-charades-ideas/,106
charades for middle schoolers,Informational,140,18,0.05,0.48,0,5,0,0,3,,https://www.kidscharades.com/online-charades-generator.html,,,https://www.getcharadesideas.com/resources/charades-ideas-for-kids-of-all-ages-the-ultimate-list-130-ideas/,181
charades game night,Informational,140,21,0.00,0.30,0,0,0,0,49,,,,,https://www.getcharadesideas.com/resources/a-list-of-120-easy-and-hard-charades-ideas/,185
charades how to play,Informational,140,48,0.00,0.02,0,0,74,0,26,,,https://charadesideasgenerator.com/how-to-play-charades/,,https://www.getcharadesideas.com/how-to-play-charades/,98
charades ideas for teens,Informational,140,19,0.03,0.59,0,0,8,0,6,,,https://charadesideasgenerator.com/charades-ideas-for-teens/,,https://www.getcharadesideas.com/resources/a-list-of-120-easy-and-hard-charades-ideas/,113
charades team building,Informational,140,9,0.00,0.07,0,0,0,0,57,,,,,https://www.getcharadesideas.com/resources/a-list-of-120-easy-and-hard-charades-ideas/,125
charades themes,Informational,140,41,0.00,0.09,0,0,4,0,2,,,https://charadesideasgenerator.com/charades-themes/,,https://www.getcharadesideas.com/resources/a-list-of-120-easy-and-hard-charades-ideas/,129
charades to print,Informational,140,14,0.00,0.53,0,0,0,0,10,,,,,https://www.getcharadesideas.com/resources/a-list-of-120-easy-and-hard-charades-ideas/,107
chrades,Informational,140,57,0.54,0.07,0,36,0,0,6,,https://www.kidscharades.com/online-charades-generator.html,,,https://www.getcharadesideas.com/,135
christmas charades list,Informational,140,19,0.00,0.33,0,0,0,0,2,,,,,https://www.getcharadesideas.com/resources/charades-ideas-for-christmas-the-complete-list-118-words-phrases/,109
christmas charades printable,Informational,140,12,0.00,1.00,0,0,0,0,23,,,,,https://www.getcharadesideas.com/christmas-charades-ideas/,103
christmas holiday charades,Informational,140,12,0.00,0.42,0,0,0,0,1,,,,,https://www.getcharadesideas.com/resources/charades-ideas-for-christmas-the-complete-list-118-words-phrases/,115
dance charades,Informational,140,18,0.37,0.41,0,0,0,0,18,,,,,https://www.getcharadesideas.com/resources/charades-song-ideas/,105
dance charades game,Informational,140,4,0.37,0.41,0,0,24,0,0,,,https://charadesideasgenerator.com/dance-charades-ideas/,,,160
difficult english movie names for damsharas,Informational,140,28,0.00,0.33,0,0,0,0,9,,,,,https://www.getcharadesideas.com/resources/the-big-list-of-137-charades-movie-ideas/,96
dirty pictionary words,Informational,140,9,0.00,0.04,0,0,0,0,38,,,,,https://www.getcharadesideas.com/resources/100-adult-charades-ideas/,89
dirty words for pictionary,Informational,140,19,0.00,0.04,0,0,0,0,16,,,,,https://www.getcharadesideas.com/resources/100-adult-charades-ideas/,84
dislikes generator,Informational,140,14,0.00,0.00,0,0,0,0,52,,,,,https://www.getcharadesideas.com/,95
draw names for christmas generator,Informational,140,40,0.00,0.36,0,0,0,0,64,,,,,https://www.getcharadesideas.com/christmas-charades-ideas/,176
dress up games dress up celebrities,Informational,140,20,0.00,0.33,0,0,0,0,93,,,,,https://www.getcharadesideas.com/resources/famous-people-charades-ideas-the-complete-list/,168
easy charades for kids,Informational,140,21,0.00,0.00,0,2,0,0,4,,https://www.kidscharades.com/online-charades-generator.html,,,https://www.getcharadesideas.com/resources/charades-ideas-for-kids-of-all-ages-the-ultimate-list-130-ideas/,195
easy charades words,Informational,140,36,0.03,0.41,0,0,0,34,6,,,,https://play.gameonfamily.com/charades/,https://www.getcharadesideas.com/,124
famous people generator,Informational,140,5,0.00,0.33,0,0,0,0,17,,,,,https://www.getcharadesideas.com/resources/famous-people-charades-ideas-the-complete-list/,107
food charades game,Commercial,140,15,0.00,0.11,0,0,2,0,25,,,https://charadesideasgenerator.com/food-charades-ideas/,,https://www.getcharadesideas.com/,166
freaky dares otp,Commercial,140,18,0.00,0.33,0,0,0,0,59,,,,,https://www.getcharadesideas.com/resources/100-adult-charades-ideas/,109
funny charades topics,Informational,140,33,0.03,0.17,0,0,26,0,7,,,https://charadesideasgenerator.com/funny-charades-ideas/,,https://www.getcharadesideas.com/resources/a-list-of-120-easy-and-hard-charades-ideas/,106
good topics for charades,Informational,140,41,0.03,0.16,0,0,0,0,1,,,,,https://www.getcharadesideas.com/resources/a-list-of-120-easy-and-hard-charades-ideas/,120
halloween charade words,Informational,140,15,0.00,0.04,0,0,0,0,5,,,,,https://www.getcharadesideas.com/resources/charades-halloween-ideas/,110
halloween dares,Informational,140,8,0.00,0.03,0,0,0,0,63,,,,,https://www.getcharadesideas.com/resources/charades-halloween-ideas/,110
hard things for charades,Informational,140,24,0.04,0.23,0,0,26,0,1,,,https://charadesideasgenerator.com/funny-charades-ideas/,,https://www.getcharadesideas.com/resources/a-list-of-120-easy-and-hard-charades-ideas/,177
heads up christmas,"Commercial, Informational",140,34,0.00,0.33,0,0,0,0,10,,,,,https://www.getcharadesideas.com/resources/charades-ideas-for-christmas-the-complete-list-118-words-phrases/,133
heads up words,Informational,140,37,0.00,0.01,0,0,0,0,15,,,,,https://www.getcharadesideas.com/,122
ideas for songs to write,Informational,140,21,1.39,0.08,0,0,0,0,85,,,,,https://www.getcharadesideas.com/resources/charades-song-ideas/,172
ideas of plays,Informational,140,13,0.00,0.33,0,0,0,0,22,,,,,https://www.getcharadesideas.com/resources/charades-theatre-ideas/,136
movies for damsharas,Informational,140,26,0.00,0.33,0,0,0,0,15,,,,,https://www.getcharadesideas.com/resources/the-big-list-of-137-charades-movie-ideas/,111
pick a random celebrity,"Commercial, Informational",140,20,0.00,0.33,0,0,0,0,28,,,,,https://www.getcharadesideas.com/resources/famous-people-charades-ideas-the-complete-list/,121
pictionary films,Informational,140,24,0.00,0.33,0,0,0,0,12,,,,,https://www.getcharadesideas.com/resources/the-big-list-of-137-charades-movie-ideas/,87
picture cards for charades,Commercial,140,3,0.00,0.02,0,0,7,0,19,,,https://charadesideasgenerator.com/picture-charades-generator/,,https://www.getcharadesideas.com/resources/a-list-of-120-easy-and-hard-charades-ideas/,180
printable charades game,Informational,140,5,0.00,0.53,0,0,0,0,3,,,,,https://www.getcharadesideas.com/resources/a-list-of-120-easy-and-hard-charades-ideas/,131
rules charades,Informational,140,18,0.00,0.33,0,0,43,0,23,,,https://charadesideasgenerator.com/charades-rules/,,https://www.getcharadesideas.com/charades-rules/,108
team building charades,Informational,140,9,0.00,0.07,0,0,0,0,45,,,,,https://www.getcharadesideas.com/resources/a-list-of-120-easy-and-hard-charades-ideas/,131
the game of charades,Informational,140,49,0.45,0.10,0,0,0,0,53,,,,,https://www.getcharadesideas.com/how-to-play-charades/,187
theatrical play ideas,Informational,140,21,0.00,0.01,0,0,0,0,27,,,,,https://www.getcharadesideas.com/resources/charades-theatre-ideas/,197
things to act out charades,Informational,140,19,0.03,0.23,0,0,20,0,2,,,https://charadesideasgenerator.com/action-charades-ideas/,,https://www.getcharadesideas.com/resources/a-list-of-120-easy-and-hard-charades-ideas/,168
topics for charades,Informational,140,29,0.02,0.17,0,0,41,0,2,,,https://charadesideasgenerator.com/funny-charades-ideas/,,https://www.getcharadesideas.com/resources/a-list-of-120-easy-and-hard-charades-ideas/,124
tough english movie names for dumb charades,Informational,140,28,0.00,0.33,0,0,0,0,8,,,,,https://www.getcharadesideas.com/resources/the-big-list-of-137-charades-movie-ideas/,64
tough movies for dumb charades,Informational,140,27,0.00,0.33,0,0,0,0,13,,,,,https://www.getcharadesideas.com/resources/the-big-list-of-137-charades-movie-ideas/,97
tv series ideas,Informational,140,24,0.00,0.00,0,0,0,0,18,,,,,https://www.getcharadesideas.com/resources/charades-tv-show-ideas-article/,958
what are charades,Informational,140,48,0.10,0.05,0,0,0,0,40,,,,,https://www.getcharadesideas.com/resources/a-list-of-120-easy-and-hard-charades-ideas/,133
winter charades,Informational,140,3,0.30,1.00,0,0,0,0,14,,,,,https://www.getcharadesideas.com/resources/charades-ideas-for-christmas-the-complete-list-118-words-phrases/,107
word generator for games,Commercial,140,14,0.00,0.33,0,0,0,57,0,,,,https://play.gameonfamily.com/charades/,,106
xmas charade,Commercial,140,29,0.42,0.59,0,0,0,0,3,,,,,https://www.getcharadesideas.com/resources/charades-ideas-for-christmas-the-complete-list-118-words-phrases/,154
xmas charades,Informational,140,16,0.00,0.42,0,0,0,0,1,,,,,https://www.getcharadesideas.com/resources/charades-ideas-for-christmas-the-complete-list-118-words-phrases/,129
act out game,Informational,110,44,0.50,0.41,0,0,0,0,37,,,,,https://www.getcharadesideas.com/resources/charades-action-ideas/,133
act the word,Informational,110,66,0.00,0.33,0,0,34,0,22,,,https://charadesideasgenerator.com/actions-charades-generator/,,https://www.getcharadesideas.com/resources/charades-action-ideas/,107
action charades,Informational,110,9,0.03,0.29,0,0,5,0,29,,,https://charadesideasgenerator.com/actions-charades-generator/,,https://www.getcharadesideas.com/,196
bible charades for adults,Informational,110,3,0.00,0.07,0,0,5,0,0,,,https://charadesideasgenerator.com/bible-charades-ideas/,,,111
bridal shower charades,"Commercial, Informational",110,8,0.44,1.00,0,0,3,0,0,,,https://charadesideasgenerator.com/bridal-shower-charades-ideas/,,,175
can you talk in charades,Informational,110,24,0.00,0.33,0,0,0,0,38,,,,,https://www.getcharadesideas.com/,175
catchphrase word generator,Informational,110,32,0.00,0.33,0,0,0,50,20,,,,https://play.gameonfamily.com/charades/,https://www.getcharadesideas.com/,98
categories in charades,Informational,110,43,0.02,0.19,0,0,28,0,4,,,https://charadesideasgenerator.com/charades-categories/,,https://www.getcharadesideas.com/resources/a-list-of-120-easy-and-hard-charades-ideas/,131
celebrity randomizer,"Commercial, Informational",110,15,0.00,0.33,0,0,0,0,34,,,,,https://www.getcharadesideas.com/resources/famous-people-charades-ideas-the-complete-list/,95
charades adult,Informational,110,9,0.35,0.54,0,0,0,0,1,,,,,https://www.getcharadesideas.com/resources/100-adult-charades-ideas/,100
charades board,Commercial,110,53,0.24,0.74,0,0,0,0,14,,,,,https://www.getcharadesideas.com/,185
charades cards printable,Informational,110,3,0.00,0.43,0,0,0,0,4,,,,,https://www.getcharadesideas.com/resources/a-list-of-120-easy-and-hard-charades-ideas/,159
charades clues,Informational,110,35,0.03,0.77,0,0,0,0,1,,,,,https://www.getcharadesideas.com/resources/a-list-of-120-easy-and-hard-charades-ideas/,121
charades dance,Informational,110,18,0.00,0.26,0,0,0,0,36,,,,,https://www.getcharadesideas.com/resources/charades-song-ideas/,113
charades game examples,Informational,110,39,0.02,0.55,0,0,0,0,2,,,,,https://www.getcharadesideas.com/resources/a-list-of-120-easy-and-hard-charades-ideas/,133
charades guessing game,Informational,110,57,0.70,0.44,0,20,0,38,15,,https://www.kidscharades.com/online-charades-generator.html,,https://play.gameonfamily.com/charades/,https://www.getcharadesideas.com/,203
charades holiday,Informational,110,22,0.00,0.14,0,0,0,0,1,,,,,https://www.getcharadesideas.com/resources/charades-ideas-for-christmas-the-complete-list-118-words-phrases/,115
charades idea,Informational,110,43,0.03,0.31,0,0,14,0,2,,,https://charadesideasgenerator.com/charades-themes/,,https://www.getcharadesideas.com/resources/a-list-of-120-easy-and-hard-charades-ideas/,133
charades team building game,Informational,110,11,0.00,0.07,0,0,0,0,34,,,,,https://www.getcharadesideas.com/resources/a-list-of-120-easy-and-hard-charades-ideas/,150
charades with emojis,Informational,110,17,0.00,0.07,0,0,6,0,0,,,https://charadesideasgenerator.com/emoji-charades/,,,91
charades words for teens,Informational,110,18,0.06,0.74,0,0,10,0,4,,,https://charadesideasgenerator.com/charades-ideas-for-teens/,,https://www.getcharadesideas.com/resources/a-list-of-120-easy-and-hard-charades-ideas/,100
charedes,Informational,110,58,0.45,0.10,0,40,0,0,6,,https://www.kidscharades.com/online-charades-generator.html,,,https://www.getcharadesideas.com/,135
chatades,"Commercial, Informational",110,58,0.45,0.10,0,0,0,40,7,,,,https://play.gameonfamily.com/charades/,https://www.getcharadesideas.com/,132
children's charades list,Informational,110,23,0.03,1.00,0,0,0,0,2,,,,,https://www.getcharadesideas.com/resources/charades-ideas-for-kids-of-all-ages-the-ultimate-list-130-ideas/,121
christmas charades card game,Informational,110,9,0.00,0.33,0,0,0,0,9,,,,,https://www.getcharadesideas.com/christmas-charades-ideas/,116
christmas charades cards,Commercial,110,8,0.00,0.33,0,0,0,0,15,,,,,https://www.getcharadesideas.com/christmas-charades-ideas/,132
christmas charades for kids,Informational,110,11,0.00,0.00,0,0,0,0,2,,,,,https://www.getcharadesideas.com/resources/charades-ideas-for-christmas-the-complete-list-118-words-phrases/,145
christmas charades free printable,Informational,110,6,0.00,0.33,0,0,0,0,21,,,,,https://www.getcharadesideas.com/resources/charades-ideas-for-christmas-the-complete-list-118-words-phrases/,103
christmas charades songs,Informational,110,3,0.00,0.33,0,0,0,0,4,,,,,https://www.getcharadesideas.com/resources/charades-song-ideas/,104
christmas dares,Informational,110,24,0.00,0.33,0,0,0,0,52,,,,,https://www.getcharadesideas.com/resources/charades-ideas-for-christmas-the-complete-list-118-words-phrases/,134
christmas song charades,Informational,110,5,0.00,0.33,0,0,0,0,5,,,,,https://www.getcharadesideas.com/resources/charades-ideas-for-christmas-the-complete-list-118-words-phrases/,107
christmas themed charades,Commercial,110,12,0.00,0.33,0,0,0,0,1,,,,,https://www.getcharadesideas.com/resources/charades-ideas-for-christmas-the-complete-list-118-words-phrases/,153
christmas things that start with q,Informational,110,15,0.00,0.33,0,0,0,0,63,,,,,https://www.getcharadesideas.com/resources/charades-ideas-for-christmas-the-complete-list-118-words-phrases/,150
difficult movies for charades,Informational,110,40,0.00,0.33,0,0,0,0,3,,,,,https://www.getcharadesideas.com/resources/the-big-list-of-137-charades-movie-ideas/,92
family charades cards,Commercial,110,6,0.00,0.98,0,0,0,0,8,,,,,https://www.getcharadesideas.com/resources/family-charades-ideas-and-how-to-act-them-out/,185
free printable christmas charades,Informational,110,8,0.00,0.33,0,0,0,0,17,,,,,https://www.getcharadesideas.com/christmas-charades-ideas/,103
free printable christmas charades game,Informational,110,8,0.00,0.33,0,0,0,0,30,,,,,https://www.getcharadesideas.com/christmas-charades-ideas/,103
game charades,"Commercial, Informational",110,50,0.45,0.10,0,0,0,45,18,,,,https://play.gameonfamily.com/charades/,https://www.getcharadesideas.com/,189
good charades topics,Informational,110,42,0.02,0.24,0,0,0,0,2,,,,,https://www.getcharadesideas.com/resources/a-list-of-120-easy-and-hard-charades-ideas/,116
good things to do for charades,Informational,110,33,0.03,0.07,0,0,37,0,1,,,https://charadesideasgenerator.com/funny-charades-ideas/,,https://www.getcharadesideas.com/resources/a-list-of-120-easy-and-hard-charades-ideas/,152
halloween charades cards,Informational,110,2,0.00,0.33,0,0,0,0,16,,,,,https://www.getcharadesideas.com/resources/charades-halloween-ideas/,170
halloween charades games,Commercial,110,7,0.00,0.00,0,0,0,0,22,,,,,https://www.getcharadesideas.com/resources/charades-halloween-ideas/,175
hard films to guess,Informational,110,41,0.00,0.33,0,0,0,0,5,,,,,https://www.getcharadesideas.com/resources/the-big-list-of-137-charades-movie-ideas/,104
hard movies to guess,Informational,110,31,0.00,0.33,0,0,0,0,5,,,,,https://www.getcharadesideas.com/resources/the-big-list-of-137-charades-movie-ideas/,102
heads up categories,Informational,110,66,0.00,0.01,0,0,0,0,16,,,,,https://www.getcharadesideas.com/resources/a-list-of-120-easy-and-hard-charades-ideas/,127
holiday15,Informational,110,40,0.00,0.02,0,0,0,0,51,,,,,https://www.getcharadesideas.com/resources/charades-ideas-for-christmas-the-complete-list-118-words-phrases/,373000
i think you should leave charades,Informational,110,20,0.00,0.33,0,0,0,0,43,,,,,https://www.getcharadesideas.com/,156
ideas for a song name,Informational,110,17,1.12,0.33,0,0,0,0,52,,,,,https://www.getcharadesideas.com/resources/charades-song-ideas/,168
list for charades,Informational,110,27,0.02,0.10,0,0,0,0,2,,,,,https://www.getcharadesideas.com/resources/a-list-of-120-easy-and-hard-charades-ideas/,111
list of charades ideas,Informational,110,30,0.03,0.39,0,0,0,0,1,,,,,https://www.getcharadesideas.com/resources/a-list-of-120-easy-and-hard-charades-ideas/,121
made up songs,Informational,110,30,0.00,0.01,0,0,0,0,37,,,,,https://www.getcharadesideas.com/resources/charades-song-ideas/,143
movies for hangman,Informational,110,27,0.00,0.00,0,0,0,0,2,,,,,https://www.getcharadesideas.com/resources/the-big-list-of-137-charades-movie-ideas/,88
name a random celebrity,Informational,110,10,0.00,0.33,0,0,0,0,34,,,,,https://www.getcharadesideas.com/resources/famous-people-charades-ideas-the-complete-list/,100
random action,Commercial,110,9,0.00,0.33,0,0,5,0,53,,,https://charadesideasgenerator.com/actions-charades-generator/,,https://www.getcharadesideas.com/resources/charades-action-ideas/,99
rough list of ideas,Informational,110,19,0.00,0.33,0,0,0,0,4,,,,,https://www.getcharadesideas.com/resources/a-list-of-120-easy-and-hard-charades-ideas/,675000000
salad bowl game word ideas,Informational,110,18,0.00,0.33,0,0,0,0,14,,,,,https://www.getcharadesideas.com/resources/100-adult-charades-ideas/,116
sarades,Informational,110,63,0.54,0.07,0,0,0,77,6,,,,https://play.gameonfamily.com/charades/,https://www.getcharadesideas.com/,134
scharade,Informational,110,45,0.00,0.33,0,0,0,50,10,,,,https://play.gameonfamily.com/charades/,https://www.getcharadesideas.com/,134
schrades,"Commercial, Informational",110,57,0.54,0.07,0,42,0,12,6,,https://www.kidscharades.com/online-charades-generator.html,,https://play.gameonfamily.com/charades/,https://www.getcharadesideas.com/,131
songs for charades game,Informational,110,11,0.00,0.33,0,0,7,0,1,,,https://charadesideasgenerator.com/song-titles-for-charades/,,https://www.getcharadesideas.com/resources/charades-song-ideas/,100
stage play ideas,Informational,110,12,0.00,0.01,0,0,0,0,29,,,,,https://www.getcharadesideas.com/resources/charades-theatre-ideas/,127
thanksgiving charades cards,Informational,110,5,0.00,0.33,0,0,51,0,31,,,https://charadesideasgenerator.com/thanksgiving-charades-generator/,,https://www.getcharadesideas.com/resources/charades-thanksgiving-ideas/,171
thanksgiving day charades,Informational,110,6,0.00,0.13,0,0,49,0,14,,,https://charadesideasgenerator.com/thanksgiving-charades-generator/,,https://www.getcharadesideas.com/resources/charades-thanksgiving-ideas/,107
tv program ideas,Informational,110,16,0.00,0.00,0,0,0,0,18,,,,,https://www.getcharadesideas.com/resources/charades-tv-show-ideas-article/,541
words to do with weddings,Informational,110,11,0.00,0.01,0,0,33,0,0,,,https://charadesideasgenerator.com/wedding-charades-words-list/,,,184
act out games,Informational,90,33,0.47,0.47,0,0,0,0,50,,,,,https://www.getcharadesideas.com/resources/charades-action-ideas/,131
animals to act out,Informational,90,15,0.00,0.05,0,0,28,0,1,,,https://charadesideasgenerator.com/animal-charades-ideas/,,https://www.getcharadesideas.com/resources/charades-animal-ideas/,143
autumn charades,Informational,90,9,0.00,0.33,0,0,0,0,36,,,,,https://www.getcharadesideas.com/resources/charades-thanksgiving-ideas/,109
bachelorette charades,Informational,90,22,0.43,1.00,0,0,4,0,0,,,https://charadesideasgenerator.com/bachelorette-party-charades-ideas/,,,116
best charade words,"Commercial, Informational",90,40,0.03,0.17,0,0,0,0,8,,,,,https://www.getcharadesideas.com/resources/a-list-of-120-easy-and-hard-charades-ideas/,105
best fishbowl words,Commercial,90,15,0.00,0.01,0,0,0,0,12,,,,,https://www.getcharadesideas.com/resources/100-adult-charades-ideas/,102
bible charades cards,Commercial,90,2,0.00,0.14,0,0,15,0,0,,,https://charadesideasgenerator.com/bible-charades-ideas/,,,183
bible charades for youth,Informational,90,14,0.00,0.25,0,0,3,0,0,,,https://charadesideasgenerator.com/bible-charades-ideas/,,,116
bible charades topics,Informational,90,5,0.00,0.72,0,0,1,0,0,,,https://charadesideasgenerator.com/bible-charades-ideas/,,,103
biblical charades ideas,Informational,90,5,0.00,0.72,0,0,1,0,0,,,https://charadesideasgenerator.com/bible-charades-ideas/,,,106
board game similar to charades,Informational,90,22,0.00,0.26,0,0,0,0,43,,,,,https://www.getcharadesideas.com/resources/family-charades-ideas-and-how-to-act-them-out/,109
board games similar to charades,Commercial,90,22,0.00,0.26,0,0,0,0,49,,,,,https://www.getcharadesideas.com/resources/a-list-of-120-easy-and-hard-charades-ideas/,188
books for charades,Informational,90,9,0.00,0.07,0,0,2,0,1,,,https://charadesideasgenerator.com/book-charades-ideas/,,https://www.getcharadesideas.com/resources/charades-book-ideas/,162
carrades,Informational,90,58,0.00,0.33,0,38,0,51,6,,https://www.kidscharades.com/online-charades-generator.html,,https://play.gameonfamily.com/charades/,https://www.getcharadesideas.com/,131
catch phrase dirty,Informational,90,23,0.00,0.01,0,0,0,0,36,,,,,https://www.getcharadesideas.com/resources/100-adult-charades-ideas/,63
catch phrase game word generator,Informational,90,8,0.00,0.33,0,0,0,54,15,,,,https://play.gameonfamily.com/charades/,https://www.getcharadesideas.com/,88
celebrity charades,Informational,90,22,0.00,0.01,0,0,1,0,4,,,https://charadesideasgenerator.com/celebrity-charades-generator/,,https://www.getcharadesideas.com/resources/famous-people-charades-ideas-the-complete-list/,107
charade examples,Informational,90,30,0.02,0.19,0,0,0,0,1,,,,,https://www.getcharadesideas.com/resources/a-list-of-120-easy-and-hard-charades-ideas/,137
charade game ideas,Informational,90,33,0.03,0.47,0,0,0,0,2,,,,,https://www.getcharadesideas.com/resources/a-list-of-120-easy-and-hard-charades-ideas/,130
charade gane,"Commercial, Informational",90,61,0.45,0.10,0,0,0,46,13,,,,https://play.gameonfamily.com/charades/,https://www.getcharadesideas.com/,190
charade list,Informational,90,31,0.03,0.11,0,0,0,0,1,,,,,https://www.getcharadesideas.com/resources/a-list-of-120-easy-and-hard-charades-ideas/,107
charade pictures,Informational,90,18,0.42,0.88,0,0,2,0,17,,,https://charadesideasgenerator.com/picture-charades-generator/,,https://www.getcharadesideas.com/resources/charades-ideas-for-kids-of-all-ages-the-ultimate-list-130-ideas/,125
charade the game,Informational,90,48,0.32,0.22,0,0,0,0,66,,,,,https://www.getcharadesideas.com/how-to-play-charades/,185
charade things,Informational,90,38,0.02,0.64,0,0,0,0,2,,,,,https://www.getcharadesideas.com/resources/a-list-of-120-easy-and-hard-charades-ideas/,201
charaders,Informational,90,57,0.45,0.10,0,28,0,61,5,,https://www.kidscharades.com/online-charades-generator.html,,https://play.gameonfamily.com/charades/,https://www.getcharadesideas.com/,132
charades celebrities,Informational,90,18,0.00,0.33,0,0,1,0,2,,,https://charadesideasgenerator.com/celebrity-charades-generator/,,https://www.getcharadesideas.com/resources/famous-people-charades-ideas-the-complete-list/,135
charades costumes,Commercial,90,17,0.00,0.05,0,0,0,0,64,,,,,https://www.getcharadesideas.com/resources/charades-halloween-ideas/,187
charades easter,Informational,90,7,0.35,1.00,0,0,52,0,51,,,https://charadesideasgenerator.com/easter-charades-ideas/,,https://www.getcharadesideas.com/resources/a-list-of-120-easy-and-hard-charades-ideas/,103
charades famous person,Informational,90,12,0.00,0.33,0,0,2,0,1,,,https://charadesideasgenerator.com/celebrity-charades-generator/,,https://www.getcharadesideas.com/resources/famous-people-charades-ideas-the-complete-list/,133
charades for kids ideas,Informational,90,27,0.00,0.00,0,21,0,0,2,,https://www.kidscharades.com/online-charades-generator.html,,,https://www.getcharadesideas.com/resources/charades-ideas-for-kids-of-all-ages-the-ultimate-list-130-ideas/,191
charades for kids printable,Informational,90,6,0.00,0.00,0,0,0,0,22,,,,,https://www.getcharadesideas.com/resources/charades-ideas-for-kids-of-all-ages-the-ultimate-list-130-ideas/,108
charades for team building,Informational,90,11,0.00,0.33,0,0,0,0,48,,,,,https://www.getcharadesideas.com/resources/a-list-of-120-easy-and-hard-charades-ideas/,133
charades for thanksgiving,Informational,90,5,0.00,0.13,0,0,38,0,10,,,https://charadesideasgenerator.com/thanksgiving-charades-generator/,,https://www.getcharadesideas.com/resources/charades-thanksgiving-ideas/,105
charades for youth group,Informational,90,0,0.00,0.52,0,0,1,0,12,,,https://charadesideasgenerator.com/youth-group-charades-ideas/,,https://www.getcharadesideas.com/resources/a-list-of-120-easy-and-hard-charades-ideas/,132
charades game ideas christmas,Informational,90,15,0.00,0.53,0,0,0,0,1,,,,,https://www.getcharadesideas.com/resources/charades-ideas-for-christmas-the-complete-list-118-words-phrases/,150
charades game ideas list,Informational,90,20,0.03,0.39,0,0,0,0,2,,,,,https://www.getcharadesideas.com/resources/a-list-of-120-easy-and-hard-charades-ideas/,133
charades in a box,"Commercial, Informational",90,8,0.00,0.07,0,0,0,0,43,,,,,https://www.getcharadesideas.com/resources/a-list-of-120-easy-and-hard-charades-ideas/,193
charades instructions,Informational,90,30,0.00,0.33,0,0,41,0,49,,,https://charadesideasgenerator.com/charades-rules/,,https://www.getcharadesideas.com/charades-rules/,104
charades play,Informational,90,49,0.00,0.01,0,0,0,0,20,,,,,https://www.getcharadesideas.com/,122
charades print,Commercial,90,6,0.00,0.53,0,0,0,0,9,,,,,https://www.getcharadesideas.com/resources/a-list-of-120-easy-and-hard-charades-ideas/,163
charades printable cards,Informational,90,10,0.00,0.43,0,0,0,0,4,,,,,https://www.getcharadesideas.com/resources/a-list-of-120-easy-and-hard-charades-ideas/,105
charades the game,Informational,90,54,0.50,0.31,0,0,0,0,18,,,,,https://www.getcharadesideas.com/,193
charades topics actions,Informational,90,9,0.03,0.26,0,0,8,0,5,,,https://charadesideasgenerator.com/actions-charades-generator/,,https://www.getcharadesideas.com/resources/a-list-of-120-easy-and-hard-charades-ideas/,128
charades vocabulary,Informational,90,15,0.00,0.08,0,0,0,0,11,,,,,https://www.getcharadesideas.com/,128
charades with pictures,Informational,90,23,0.57,0.57,0,0,5,0,33,,,https://charadesideasgenerator.com/picture-charades-generator/,,https://www.getcharadesideas.com/resources/charades-ideas-for-kids-of-all-ages-the-ultimate-list-130-ideas/,177
charaids,Commercial,90,56,0.54,0.07,0,45,0,55,6,,https://www.kidscharades.com/online-charades-generator.html,,https://play.gameonfamily.com/charades/,https://www.getcharadesideas.com/,135
charases,"Commercial, Informational",90,54,0.54,0.07,0,0,0,44,6,,,,https://play.gameonfamily.com/charades/,https://www.getcharadesideas.com/,137
charrades,Informational,90,58,0.45,0.10,0,0,0,45,7,,,,https://play.gameonfamily.com/charades/,https://www.getcharadesideas.com/,135
christmas charafes,"Commercial, Informational",90,14,0.00,0.42,0,0,0,0,2,,,,,https://www.getcharadesideas.com/resources/charades-ideas-for-christmas-the-complete-list-118-words-phrases/,133
christmas songs for charades,Informational,90,5,0.00,0.33,0,0,0,0,3,,,,,https://www.getcharadesideas.com/resources/charades-ideas-for-christmas-the-complete-list-118-words-phrases/,105
clues for charades game,Informational,90,36,0.03,0.22,0,0,0,0,1,,,,,https://www.getcharadesideas.com/resources/a-list-of-120-easy-and-hard-charades-ideas/,135
dares for christmas,Informational,90,23,0.00,0.48,0,0,0,0,51,,,,,https://www.getcharadesideas.com/resources/charades-ideas-for-christmas-the-complete-list-118-words-phrases/,113
dirty catchphrase,Informational,90,22,0.00,0.02,0,0,0,0,27,,,,,https://www.getcharadesideas.com/resources/100-adult-charades-ideas/,101
dumb charades difficult movies,Informational,90,31,0.00,0.33,0,0,0,0,14,,,,,https://www.getcharadesideas.com/resources/the-big-list-of-137-charades-movie-ideas/,97
fall charades,Informational,90,11,0.00,0.33,0,0,0,0,40,,,,,https://www.getcharadesideas.com/resources/charades-thanksgiving-ideas/,111
family charades card game,Commercial,90,2,0.28,1.00,0,0,0,0,9,,,,,https://www.getcharadesideas.com/resources/family-charades-ideas-and-how-to-act-them-out/,207
famous people charades,Informational,90,15,0.00,0.33,0,0,2,0,1,,,https://charadesideasgenerator.com/celebrity-charades-generator/,,https://www.getcharadesideas.com/resources/famous-people-charades-ideas-the-complete-list/,112
famous people for charades,Informational,90,11,0.00,0.33,0,0,2,0,1,,,https://charadesideasgenerator.com/celebrity-charades-generator/,,https://www.getcharadesideas.com/resources/famous-people-charades-ideas-the-complete-list/,133
films for hangman,Informational,90,38,0.00,0.33,0,0,0,0,3,,,,,https://www.getcharadesideas.com/resources/the-big-list-of-137-charades-movie-ideas/,97
fishbowl game words funny,Informational,90,13,0.00,0.33,0,0,0,0,23,,,,,https://www.getcharadesideas.com/resources/100-adult-charades-ideas/,100
fishbowl game words ideas,Informational,90,12,0.00,0.33,0,0,0,0,22,,,,,https://www.getcharadesideas.com/resources/100-adult-charades-ideas/,100
freaky ideas,Informational,90,21,0.01,0.03,0,0,0,0,39,,,,,https://www.getcharadesideas.com/resources/100-adult-charades-ideas/,173
fun charades,Informational,90,43,0.03,0.15,0,0,0,0,2,,,,,https://www.getcharadesideas.com/resources/a-list-of-120-easy-and-hard-charades-ideas/,138
funny christmas charades words,Informational,90,6,0.00,0.00,0,0,0,0,1,,,,,https://www.getcharadesideas.com/resources/charades-ideas-for-christmas-the-complete-list-118-words-phrases/,103
funny debate topics for adults dirty,Informational,90,5,0.00,0.33,0,0,0,0,67,,,,,https://www.getcharadesideas.com/resources/100-adult-charades-ideas/,127
funny fishbowl words,Informational,90,15,0.00,0.05,0,0,0,0,9,,,,,https://www.getcharadesideas.com/resources/100-adult-charades-ideas/,103
good charades game,Informational,90,38,0.03,0.15,0,0,0,59,2,,,,https://play.gameonfamily.com/charades/,https://www.getcharadesideas.com/resources/a-list-of-120-easy-and-hard-charades-ideas/,179
good fishbowl words,Informational,90,8,0.00,0.33,0,0,0,0,11,,,,,https://www.getcharadesideas.com/resources/100-adult-charades-ideas/,108
group charades,Informational,90,22,0.24,0.21,0,0,0,0,12,,,,,https://www.getcharadesideas.com/resources/a-list-of-120-easy-and-hard-charades-ideas/,133
guess the famous person game,Informational,90,10,0.00,0.01,0,0,0,0,46,,,,,https://www.getcharadesideas.com/resources/famous-people-charades-ideas-the-complete-list/,163
guessup - word party charades & family game,Informational,90,33,0.00,0.33,0,0,0,0,59,,,,,https://www.getcharadesideas.com/resources/a-list-of-120-easy-and-hard-charades-ideas/,158
halloween categories,Informational,90,22,0.00,0.33,0,0,0,0,13,,,,,https://www.getcharadesideas.com/resources/charades-halloween-ideas/,137
halloween charades printable,Informational,90,7,0.00,0.00,0,0,0,0,33,,,,,https://www.getcharadesideas.com/resources/charades-halloween-ideas/,160
halloween charades words,Informational,90,9,0.00,0.04,0,0,0,0,4,,,,,https://www.getcharadesideas.com/resources/charades-halloween-ideas/,106
how to play charades game,Informational,90,48,0.00,0.07,0,0,93,0,82,,,https://charadesideasgenerator.com/charades-rules/,,https://www.getcharadesideas.com/charades-rules/,123
list of charades ideas funny,Informational,90,23,0.00,0.43,0,0,30,0,5,,,https://charadesideasgenerator.com/funny-charades-ideas/,,https://www.getcharadesideas.com/resources/funny-charades-ideas-and-how-to-act-them-out/,129
list of things for charades,Informational,90,32,0.03,0.39,0,0,55,0,2,,,https://charadesideasgenerator.com/funny-charades-ideas/,,https://www.getcharadesideas.com/resources/a-list-of-120-easy-and-hard-charades-ideas/,120
mime words,Informational,90,37,0.00,0.33,0,0,0,0,26,,,,,https://www.getcharadesideas.com/resources/a-list-of-120-easy-and-hard-charades-ideas/,120
movies hard to guess,Informational,90,45,0.00,0.33,0,0,0,0,6,,,,,https://www.getcharadesideas.com/resources/the-big-list-of-137-charades-movie-ideas/,113
music charades,Informational,90,11,0.00,0.01,0,0,0,0,2,,,,,https://www.getcharadesideas.com/resources/charades-song-ideas/,108
naughty charades,Informational,90,3,0.00,0.86,0,0,0,0,3,,,,,https://www.getcharadesideas.com/resources/100-adult-charades-ideas/,105
pictionary words dirty,Informational,90,21,0.00,0.01,0,0,0,0,20,,,,,https://www.getcharadesideas.com/resources/100-adult-charades-ideas/,104
print out charades,Informational,90,13,0.00,0.53,0,0,0,0,15,,,,,https://www.getcharadesideas.com/resources/a-list-of-120-easy-and-hard-charades-ideas/,100
printable christmas charades game,Informational,90,4,0.56,0.94,0,0,0,0,21,,,,,https://www.getcharadesideas.com/christmas-charades-ideas/,103
sharade words,Informational,90,50,0.03,0.22,0,0,0,18,9,,,,https://play.gameonfamily.com/charades/,https://www.getcharadesideas.com/,127
sharaids game,"Commercial, Informational",90,47,0.45,0.10,0,0,0,0,18,,,,,https://www.getcharadesideas.com/,198
song charades,Informational,90,21,0.00,0.33,0,0,6,0,1,,,https://charadesideasgenerator.com/song-titles-for-charades/,,https://www.getcharadesideas.com/resources/charades-song-ideas/,133
summer charades,Informational,90,13,0.00,0.41,0,0,0,0,33,,,,,https://www.getcharadesideas.com/resources/charades-ideas-for-kids-of-all-ages-the-ultimate-list-130-ideas/,109
television show ideas,Informational,90,16,0.00,0.00,0,0,0,0,20,,,,,https://www.getcharadesideas.com/resources/charades-tv-show-ideas-article/,2240
thanksgiving themed charades,Commercial,90,11,0.00,0.00,0,0,38,0,7,,,https://charadesideasgenerator.com/thanksgiving-charades-generator/,,https://www.getcharadesideas.com/resources/charades-thanksgiving-ideas/,162
things to be in charades,Informational,90,23,0.03,0.27,0,0,21,0,5,,,https://charadesideasgenerator.com/funny-charades-ideas/,,https://www.getcharadesideas.com/resources/a-list-of-120-easy-and-hard-charades-ideas/,146
things to say in reverse,Informational,90,22,0.00,0.33,0,0,36,0,0,,,https://charadesideasgenerator.com/reverse-charades-ideas/,,,135
vocabulary charades,Informational,90,11,0.00,0.11,0,60,0,65,29,,https://www.kidscharades.com/online-charades-generator.html,,https://play.gameonfamily.com/charades/,https://www.getcharadesideas.com/,122
wedding charades,Commercial,90,13,0.49,0.96,0,0,3,0,0,,,https://charadesideasgenerator.com/wedding-charades-words-list/,,,152
wedding pictionary words,Informational,90,5,0.00,1.00,0,0,39,0,0,,,https://charadesideasgenerator.com/wedding-charades-words-list/,,,115
what's charades,Informational,90,50,0.00,0.33,0,0,0,0,11,,,,,https://www.getcharadesideas.com/,7650
winter charades game,"Commercial, Informational",90,1,0.00,0.83,0,0,0,0,12,,,,,https://www.getcharadesideas.com/resources/charades-ideas-for-christmas-the-complete-list-118-words-phrases/,174
xmas charades ideas,Informational,90,7,0.30,1.00,0,0,0,0,1,,,,,https://www.getcharadesideas.com/resources/charades-ideas-for-christmas-the-complete-list-118-words-phrases/,109
youth group charades,Informational,90,0,0.00,0.52,0,0,1,0,14,,,https://charadesideasgenerator.com/youth-group-charades-ideas/,,https://www.getcharadesideas.com/resources/charades-ideas-for-kids-of-all-ages-the-ultimate-list-130-ideas/,130
act it out charades,Informational,70,43,0.09,0.04,0,0,0,0,10,,,,,https://www.getcharadesideas.com/resources/funny-charades-ideas-and-how-to-act-them-out/,130
act it out ideas,Informational,70,32,0.00,0.05,0,0,12,0,3,,,https://charadesideasgenerator.com/actions-charades-generator/,,https://www.getcharadesideas.com/resources/a-list-of-120-easy-and-hard-charades-ideas/,121
action phrases for charades,Informational,70,27,0.02,0.22,0,0,6,0,1,,,https://charadesideasgenerator.com/actions-charades-generator/,,https://www.getcharadesideas.com/resources/charades-action-ideas/,123
adult charades card game,Commercial,70,16,0.36,0.98,0,0,0,0,9,,,,,https://www.getcharadesideas.com/resources/100-adult-charades-ideas/,189
adult scattergories list,"Commercial, Informational",70,29,0.00,0.91,0,0,0,0,39,,,,,https://www.getcharadesideas.com/resources/100-adult-charades-ideas/,170
animal charades cards,"Commercial, Informational",70,7,0.00,0.13,0,0,0,0,14,,,,,https://www.getcharadesideas.com/resources/charades-animal-ideas/,167
animal pictionary,Informational,70,12,0.00,0.07,0,0,0,0,30,,,,,https://www.getcharadesideas.com/resources/charades-animal-ideas/,187
bachelorette party charades,"Commercial, Informational",70,21,0.00,1.00,0,0,6,0,0,,,https://charadesideasgenerator.com/bachelorette-party-charades-ideas/,,,181
best charades game,Commercial,70,35,0.34,0.99,0,0,0,0,39,,,,,https://www.getcharadesideas.com/resources/a-list-of-120-easy-and-hard-charades-ideas/,153
best ideas for charades,Commercial,70,44,0.03,0.16,0,0,37,0,1,,,https://charadesideasgenerator.com/funny-charades-ideas/,,https://www.getcharadesideas.com/resources/a-list-of-120-easy-and-hard-charades-ideas/,132
black charades,Informational,70,33,0.52,0.35,0,0,13,0,45,,,https://charadesideasgenerator.com/black-charades-ideas/,,https://www.getcharadesideas.com/resources/100-adult-charades-ideas/,186
bridal shower charades game,Commercial,70,14,0.39,1.00,0,0,7,0,0,,,https://charadesideasgenerator.com/wedding-charades-words-list/,,,192
camp charades,Informational,70,9,0.00,0.92,0,0,0,0,51,,,,,https://www.getcharadesideas.com/resources/a-list-of-120-easy-and-hard-charades-ideas/,111
camping dare,Informational,70,6,0.00,0.33,0,0,34,0,0,,,https://charadesideasgenerator.com/camping-charades-ideas/,,,93100000
category charades,Informational,70,27,0.02,0.07,0,0,5,29,1,,,https://charadesideasgenerator.com/charades-categories/,https://play.gameonfamily.com/charades/,https://www.getcharadesideas.com/,136
celebrities for charades,Informational,70,5,0.00,0.33,0,0,2,0,1,,,https://charadesideasgenerator.com/celebrity-charades-generator/,,https://www.getcharadesideas.com/resources/famous-people-charades-ideas-the-complete-list/,133
celebrity heads game,"Commercial, Informational",70,11,0.48,0.07,0,0,0,0,27,,,,,https://www.getcharadesideas.com/resources/famous-people-charades-ideas-the-complete-list/,179
charade game questions,Informational,70,40,0.04,0.10,0,0,0,0,7,,,,,https://www.getcharadesideas.com/resources/a-list-of-120-easy-and-hard-charades-ideas/,136
charade games,Informational,70,50,0.45,0.10,0,0,0,44,19,,,,https://play.gameonfamily.com/charades/,https://www.getcharadesideas.com/,194
charade idea,Informational,70,43,0.03,0.31,0,0,0,0,2,,,,,https://www.getcharadesideas.com/resources/a-list-of-120-easy-and-hard-charades-ideas/,135
charade phrases,Informational,70,28,0.03,0.16,0,0,0,0,3,,,,,https://www.getcharadesideas.com/resources/a-list-of-120-easy-and-hard-charades-ideas/,125
charade synonyms,Informational,70,20,0.00,0.33,0,0,0,0,59,,,,,https://www.getcharadesideas.com/resources/a-list-of-120-easy-and-hard-charades-ideas/,108
charade topic,Informational,70,35,0.02,0.17,0,0,0,0,3,,,,,https://www.getcharadesideas.com/resources/a-list-of-120-easy-and-hard-charades-ideas/,127
charades action words,Informational,70,10,0.02,0.22,0,0,4,0,1,,,https://charadesideasgenerator.com/actions-charades-generator/,,https://www.getcharadesideas.com/resources/charades-action-ideas/,122
charades bachelorette party,Commercial,70,20,0.46,1.00,0,0,2,0,0,,,https://charadesideasgenerator.com/bachelorette-party-charades-ideas/,,,178
charades bridal shower game,"Commercial, Informational",70,14,0.39,1.00,0,0,6,0,0,,,https://charadesideasgenerator.com/wedding-charades-words-list/,,,201
charades cards for kids,Commercial,70,15,0.00,0.00,0,49,0,0,9,,https://www.kidscharades.com/online-charades-generator.html,,,https://www.getcharadesideas.com/resources/charades-ideas-for-kids-of-all-ages-the-ultimate-list-130-ideas/,189
charades clues list,Informational,70,25,0.03,0.39,0,0,0,0,1,,,,,https://www.getcharadesideas.com/resources/a-list-of-120-easy-and-hard-charades-ideas/,116
charades example,Informational,70,50,0.02,0.19,0,0,0,0,2,,,,,https://www.getcharadesideas.com/resources/a-list-of-120-easy-and-hard-charades-ideas/,137
charades for bachelorette party,"Commercial, Informational",70,15,0.46,1.00,0,0,2,0,15,,,https://charadesideasgenerator.com/bachelorette-party-charades-ideas/,,https://www.getcharadesideas.com/resources/100-adult-charades-ideas/,168
charades for halloween,Commercial,70,4,0.00,0.41,0,0,0,0,5,,,,,https://www.getcharadesideas.com/resources/charades-halloween-ideas/,163
charades for large groups,Informational,70,11,0.00,0.14,0,0,0,0,8,,,,,https://www.getcharadesideas.com/resources/a-list-of-120-easy-and-hard-charades-ideas/,130
charades game for bridal shower,Informational,70,19,0.44,1.00,0,0,5,0,0,,,https://charadesideasgenerator.com/bridal-shower-charades-ideas/,,,138
charades game instructions,Informational,70,17,0.00,0.02,0,0,53,0,31,,,https://charadesideasgenerator.com/charades-rules/,,https://www.getcharadesideas.com/how-to-play-charades/,98
charades generator app,Informational,70,50,0.65,0.16,0,23,0,37,6,,https://www.kidscharades.com/online-charades-generator.html,,https://play.gameonfamily.com/charades/,https://www.getcharadesideas.com/,140
charades ideas actions,Informational,70,11,0.03,0.26,0,0,3,0,6,,,https://charadesideasgenerator.com/actions-charades-generator/,,https://www.getcharadesideas.com/resources/charades-action-ideas/,138
charades images,Informational,70,21,0.00,0.05,0,0,6,0,13,,,https://charadesideasgenerator.com/picture-charades-generator/,,https://www.getcharadesideas.com/resources/a-list-of-120-easy-and-hard-charades-ideas/,114
charades kids,Informational,70,21,0.00,0.00,0,1,0,0,5,,https://www.kidscharades.com/online-charades-generator.html,,,https://www.getcharadesideas.com/resources/charades-ideas-for-kids-of-all-ages-the-ultimate-list-130-ideas/,190
charades names,Informational,70,24,0.03,0.38,0,0,0,49,1,,,,https://play.gameonfamily.com/charades/,https://www.getcharadesideas.com/resources/a-list-of-120-easy-and-hard-charades-ideas/,126
charades printable list,Informational,70,22,0.00,0.02,0,0,0,0,3,,,,,https://www.getcharadesideas.com/resources/a-list-of-120-easy-and-hard-charades-ideas/,108
charades printables,Informational,70,5,0.00,0.83,0,0,0,0,4,,,,,https://www.getcharadesideas.com/resources/a-list-of-120-easy-and-hard-charades-ideas/,108
charades questions,Informational,70,43,0.00,0.15,0,0,0,0,2,,,,,https://www.getcharadesideas.com/resources/a-list-of-120-easy-and-hard-charades-ideas/,134
charades suggestions list,Informational,70,24,0.03,0.39,0,0,0,0,1,,,,,https://www.getcharadesideas.com/resources/a-list-of-120-easy-and-hard-charades-ideas/,110
charades thanksgiving,Informational,70,11,0.00,0.13,0,0,38,0,13,,,https://charadesideasgenerator.com/thanksgiving-charades-generator/,,https://www.getcharadesideas.com/resources/charades-thanksgiving-ideas/,106
charades theme,Informational,70,40,0.00,0.09,0,32,4,0,3,,https://www.kidscharades.com/online-charades-generator.html,https://charadesideasgenerator.com/charades-themes/,,https://www.getcharadesideas.com/resources/a-list-of-120-easy-and-hard-charades-ideas/,139
charades type games,Informational,70,23,0.00,1.00,0,0,0,0,37,,,,,https://www.getcharadesideas.com/resources/a-list-of-120-easy-and-hard-charades-ideas/,128
charages,Informational,70,62,0.54,0.07,0,39,0,48,6,,https://www.kidscharades.com/online-charades-generator.html,,https://play.gameonfamily.com/charades/,https://www.getcharadesideas.com/,133
christmas charades list pdf,Informational,70,4,0.00,0.33,0,0,0,0,16,,,,,https://www.getcharadesideas.com/resources/charades-ideas-for-christmas-the-complete-list-118-words-phrases/,106
christmas codes,Informational,70,12,0.00,0.33,0,0,0,0,55,,,,,https://www.getcharadesideas.com/resources/charades-ideas-for-christmas-the-complete-list-118-words-phrases/,105
christmas ideas for charades,Informational,70,15,0.30,1.00,0,0,0,0,2,,,,,https://www.getcharadesideas.com/resources/charades-ideas-for-christmas-the-complete-list-118-words-phrases/,114
christmas pictionary topics,Informational,70,14,0.00,0.33,0,0,0,0,47,,,,,https://www.getcharadesideas.com/resources/charades-ideas-for-christmas-the-complete-list-118-words-phrases/,166
christmas words for hangman,Informational,70,18,0.00,0.33,0,0,0,0,44,,,,,https://www.getcharadesideas.com/resources/charades-ideas-for-christmas-the-complete-list-118-words-phrases/,105
dares for a bachelorette party,Informational,70,17,0.19,1.00,0,0,63,0,0,,,https://charadesideasgenerator.com/bachelorette-party-charades-ideas/,,,139
death charades,Informational,70,14,0.00,0.23,0,0,0,0,35,,,,,https://www.getcharadesideas.com/resources/a-list-of-120-easy-and-hard-charades-ideas/,135
difficult christmas words,Informational,70,27,0.00,0.33,0,0,0,0,45,,,,,https://www.getcharadesideas.com/resources/charades-ideas-for-christmas-the-complete-list-118-words-phrases/,123
difficult film names,Informational,70,33,0.00,0.33,0,0,0,0,14,,,,,https://www.getcharadesideas.com/resources/the-big-list-of-137-charades-movie-ideas/,116
difficult movie names,Informational,70,26,0.00,0.33,0,0,0,0,16,,,,,https://www.getcharadesideas.com/resources/the-big-list-of-137-charades-movie-ideas/,114
difficult movies for dumb charades english,Informational,70,23,0.00,0.33,0,0,0,0,7,,,,,https://www.getcharadesideas.com/resources/the-big-list-of-137-charades-movie-ideas/,76
dirty catch phrase,Informational,70,23,0.00,0.02,0,0,0,0,26,,,,,https://www.getcharadesideas.com/resources/100-adult-charades-ideas/,106
dirty funny scattergories categories,Commercial,70,18,0.00,0.08,0,0,0,0,36,,,,,https://www.getcharadesideas.com/resources/100-adult-charades-ideas/,186
dislike generator,Commercial,70,10,0.00,0.33,0,0,0,0,25,,,,,https://www.getcharadesideas.com/,105
dumb charades movie,Informational,70,23,0.00,0.33,0,0,0,0,11,,,,,https://www.getcharadesideas.com/resources/the-big-list-of-137-charades-movie-ideas/,110
easy bible charades ideas,Informational,70,2,0.00,0.69,0,0,2,0,0,,,https://charadesideasgenerator.com/bible-charades-ideas/,,,101
easy charades ideas,Informational,70,38,0.03,0.92,0,0,0,0,2,,,,,https://www.getcharadesideas.com/resources/a-list-of-120-easy-and-hard-charades-ideas/,126
famous people for heads up,Commercial,70,20,0.00,0.33,0,0,19,0,3,,,https://charadesideasgenerator.com/celebrity-charades-generator/,,https://www.getcharadesideas.com/resources/famous-people-charades-ideas-the-complete-list/,208
free printable charades cards with pictures pdf,Informational,70,3,0.00,0.00,0,0,0,0,25,,,,,https://www.getcharadesideas.com/resources/charades-ideas-for-kids-of-all-ages-the-ultimate-list-130-ideas/,121
funny charade topics,Informational,70,37,0.02,0.24,0,0,29,0,5,,,https://charadesideasgenerator.com/funny-charades-ideas/,,https://www.getcharadesideas.com/resources/charades-ideas-for-kids-of-all-ages-the-ultimate-list-130-ideas/,114
funny charades for christmas,Informational,70,4,0.00,0.50,0,0,0,0,2,,,,,https://www.getcharadesideas.com/resources/charades-ideas-for-christmas-the-complete-list-118-words-phrases/,112
funny dirty names for games,Informational,70,33,0.04,0.10,0,0,0,0,52,,,,,https://www.getcharadesideas.com/resources/100-adult-charades-ideas/,99
funny ideas for something borrowed,Informational,70,16,0.00,0.99,0,0,0,0,86,,,,,https://www.getcharadesideas.com/resources/funny-charades-ideas-and-how-to-act-them-out/,187
funny scattergories lists for adults,Informational,70,27,0.00,0.78,0,0,0,0,52,,,,,https://www.getcharadesideas.com/resources/100-adult-charades-ideas/,103
good charades words list,Informational,70,38,0.00,0.42,0,0,0,0,7,,,,,https://www.getcharadesideas.com/resources/a-list-of-120-easy-and-hard-charades-ideas/,118
good ideas for a song title,Informational,70,3,0.00,0.33,0,0,53,0,0,,,https://charadesideasgenerator.com/song-titles-for-charades/,,,122
good ideas for song titles,Informational,70,20,0.00,0.33,0,0,52,0,0,,,https://charadesideasgenerator.com/song-titles-for-charades/,,,138
halloween pictionary ideas,Informational,70,2,0.00,0.86,0,0,0,0,53,,,,,https://www.getcharadesideas.com/resources/charades-halloween-ideas/,105
halloween qr codes,Informational,70,11,0.00,0.33,0,0,0,0,52,,,,,https://www.getcharadesideas.com/resources/charades-halloween-ideas/,115
holiday charades ideas,Informational,70,10,0.00,0.00,0,0,0,0,1,,,,,https://www.getcharadesideas.com/resources/charades-ideas-for-christmas-the-complete-list-118-words-phrases/,110
holiday charades pictionary,"Commercial, Informational",70,-1,0.00,0.00,0,0,0,0,6,,,,,https://www.getcharadesideas.com/resources/charades-ideas-for-christmas-the-complete-list-118-words-phrases/,132
how to play charades in teams,Informational,70,13,0.00,0.00,0,0,86,0,23,,,https://charadesideasgenerator.com/charades-rules/,,https://www.getcharadesideas.com/charades-rules/,169
ideas for dares over text,Informational,70,20,0.02,0.09,0,0,0,0,70,,,,,https://www.getcharadesideas.com/resources/a-list-of-120-easy-and-hard-charades-ideas/,129
list of charades words,Informational,70,25,0.03,0.18,0,0,0,0,12,,,,,https://www.getcharadesideas.com/resources/a-list-of-120-easy-and-hard-charades-ideas/,118
movies like charade,Informational,70,11,0.00,0.33,0,0,0,0,8,,,,,https://www.getcharadesideas.com/resources/the-big-list-of-137-charades-movie-ideas/,118
printable charades list,Informational,70,25,0.00,0.02,0,0,0,0,6,,,,,https://www.getcharadesideas.com/resources/a-list-of-120-easy-and-hard-charades-ideas/,110
printable halloween charades,Informational,70,9,0.00,0.33,0,0,0,0,44,,,,,https://www.getcharadesideas.com/resources/charades-halloween-ideas/,165
random word game generator,"Commercial, Informational",70,35,0.00,0.33,0,0,0,49,0,,,,https://play.gameonfamily.com/charades/,,94
random word generator game,"Commercial, Informational",70,35,0.00,0.33,0,0,0,46,0,,,,https://play.gameonfamily.com/charades/,,97
reverse charades word list,Informational,70,2,0.00,0.33,0,0,3,0,0,,,https://charadesideasgenerator.com/reverse-charades-ideas/,,,71
schrade ideas,Informational,70,41,0.00,0.33,0,0,26,0,2,,,https://charadesideasgenerator.com/funny-charades-ideas/,,https://www.getcharadesideas.com/resources/a-list-of-120-easy-and-hard-charades-ideas/,173
sharades ideas,Informational,70,23,0.03,0.31,0,0,44,0,1,,,https://charadesideasgenerator.com/funny-charades-ideas/,,https://www.getcharadesideas.com/resources/a-list-of-120-easy-and-hard-charades-ideas/,120
sharedes,Informational,70,62,0.54,0.07,0,10,0,0,7,,https://www.kidscharades.com/online-charades-generator.html,,,https://www.getcharadesideas.com/,136
sherade words,Informational,70,24,0.03,0.22,0,0,0,39,10,,,,https://play.gameonfamily.com/charades/,https://www.getcharadesideas.com/,130
sherads,Informational,70,57,0.54,0.07,0,41,0,46,5,,https://www.kidscharades.com/online-charades-generator.html,,https://play.gameonfamily.com/charades/,https://www.getcharadesideas.com/,134
sick twisted charades,Commercial,70,16,0.00,0.58,0,0,0,0,27,,,,,https://www.getcharadesideas.com/resources/a-list-of-120-easy-and-hard-charades-ideas/,172
tough english movies for dumb charades,Informational,70,24,0.00,0.33,0,0,0,0,6,,,,,https://www.getcharadesideas.com/resources/the-big-list-of-137-charades-movie-ideas/,62
tough movie names,Informational,70,33,0.00,0.33,0,0,0,0,8,,,,,https://www.getcharadesideas.com/resources/the-big-list-of-137-charades-movie-ideas/,108
tv programmes for charades,Informational,70,20,0.00,0.01,0,0,15,0,1,,,https://charadesideasgenerator.com/pop-culture-charades-generator/,,https://www.getcharadesideas.com/resources/charades-tv-show-ideas-article/,109
verb charades,Informational,70,5,0.00,0.13,0,0,0,0,43,,,,,https://www.getcharadesideas.com/resources/charades-action-ideas/,109
vocabulary charades game,Informational,70,21,0.00,0.11,0,65,0,76,20,,https://www.kidscharades.com/online-charades-generator.html,,https://play.gameonfamily.com/charades/,https://www.getcharadesideas.com/,184
wedding charades game,Informational,70,14,0.51,0.95,0,0,4,0,0,,,https://charadesideasgenerator.com/wedding-charades-words-list/,,,193
wedding shower charades,"Commercial, Informational",70,20,0.44,1.00,0,0,3,0,0,,,https://charadesideasgenerator.com/bridal-shower-charades-ideas/,,,184
wedding things start with o,Informational,70,1,0.00,0.33,0,0,80,0,0,,,https://charadesideasgenerator.com/wedding-charades-words-list/,,,147
what is running charades,Informational,70,23,0.00,0.33,0,0,57,0,50,,,https://charadesideasgenerator.com/how-to-play-charades/,,https://www.getcharadesideas.com/how-to-play-charades/,106
a christmas charade,Informational,50,33,0.00,0.33,0,0,0,0,13,,,,,https://www.getcharadesideas.com/resources/charades-ideas-for-christmas-the-complete-list-118-words-phrases/,104
actions for charades,Informational,50,9,0.02,0.83,0,0,4,0,36,,,https://charadesideasgenerator.com/actions-charades-generator/,,https://www.getcharadesideas.com/,133
chaades,Commercial,50,63,0.54,0.07,0,0,0,0,8,,,,,https://www.getcharadesideas.com/,137
chaeades,Informational,50,57,0.54,0.07,0,0,0,0,5,,,,,https://www.getcharadesideas.com/,61
chairades,Informational,50,27,0.54,0.07,0,0,0,0,42,,,,,https://www.getcharadesideas.com/how-to-play-charades/,106
character charades,Informational,50,15,0.00,0.01,0,0,0,0,1,,,,,https://www.getcharadesideas.com/,135
characters for charades,Informational,50,23,0.00,0.01,0,0,18,0,2,,,https://charadesideasgenerator.com/celebrity-charades-generator/,,https://www.getcharadesideas.com/resources/famous-people-charades-ideas-the-complete-list/,140
charadaes,Informational,50,58,0.54,0.07,0,41,0,13,6,,https://www.kidscharades.com/online-charades-generator.html,,https://play.gameonfamily.com/charades/,https://www.getcharadesideas.com/,135
charade songs,Informational,50,21,0.00,0.33,0,0,5,0,1,,,https://charadesideasgenerator.com/song-titles-for-charades/,,https://www.getcharadesideas.com/resources/charades-song-ideas/,136
charade topics for family,Informational,50,20,0.04,0.92,0,0,0,0,3,,,,,https://www.getcharadesideas.com/resources/family-charades-ideas-and-how-to-act-them-out/,117
charade words for teenagers,Informational,50,18,0.06,0.74,0,0,8,0,10,,,https://charadesideasgenerator.com/charades-ideas-for-teens/,,https://www.getcharadesideas.com/resources/a-list-of-120-easy-and-hard-charades-ideas/,110
charades dataset,Informational,50,10,0.00,0.33,0,0,0,0,27,,,,,https://www.getcharadesideas.com/,107
charades drawing ideas,Informational,50,20,0.00,0.18,0,0,0,0,2,,,,,https://www.getcharadesideas.com/,127
charades for couples,Informational,50,23,0.00,0.44,0,0,0,0,5,,,,,https://www.getcharadesideas.com/,175
charades for groups,Informational,50,17,0.24,0.21,0,0,0,0,5,,,,,https://www.getcharadesideas.com/resources/a-list-of-120-easy-and-hard-charades-ideas/,131
charades for seniors,Informational,50,12,0.00,0.91,0,0,0,0,5,,,,,https://www.getcharadesideas.com/resources/a-list-of-120-easy-and-hard-charades-ideas/,181
charades game for families,"Commercial, Informational",50,11,0.00,0.22,0,0,0,0,5,,,,,https://www.getcharadesideas.com/resources/family-charades-ideas-and-how-to-act-them-out/,190
charades game how to play,Informational,50,49,0.00,0.03,0,0,40,0,26,,,https://charadesideasgenerator.com/how-to-play-charades/,,https://www.getcharadesideas.com/how-to-play-charades/,90
charades games how to play,Informational,50,43,0.00,0.03,0,0,46,0,21,,,https://charadesideasgenerator.com/how-to-play-charades/,,https://www.getcharadesideas.com/how-to-play-charades/,100
charades gestures,Informational,50,37,0.00,0.01,0,0,0,0,47,,,,,https://www.getcharadesideas.com/resources/a-list-of-120-easy-and-hard-charades-ideas/,106
charades gif,Informational,50,15,0.00,0.33,0,0,0,0,16,,,,,https://www.getcharadesideas.com/,106
charades halloween ideas,Informational,50,10,0.00,0.04,0,0,0,0,2,,,,,https://www.getcharadesideas.com/resources/charades-halloween-ideas/,164
charades hand signals,Informational,50,23,0.00,0.33,0,0,0,0,34,,,,,https://www.getcharadesideas.com/how-to-play-charades/,107
charades list for kids,Informational,50,15,0.00,0.00,0,24,0,0,5,,https://www.kidscharades.com/online-charades-generator.html,,,https://www.getcharadesideas.com/resources/charades-ideas-for-kids-of-all-ages-the-ultimate-list-130-ideas/,126
charades list of words,Informational,50,27,0.03,0.18,0,0,0,0,6,,,,,https://www.getcharadesideas.com/resources/a-list-of-120-easy-and-hard-charades-ideas/,118
charades people,Informational,50,30,0.00,0.33,0,0,2,0,1,,,https://charadesideasgenerator.com/celebrity-charades-generator/,,https://www.getcharadesideas.com/resources/famous-people-charades-ideas-the-complete-list/,131
charades pictures,Informational,50,23,0.57,0.57,0,0,2,0,26,,,https://charadesideasgenerator.com/picture-charades-generator/,,https://www.getcharadesideas.com/resources/charades-ideas-for-kids-of-all-ages-the-ultimate-list-130-ideas/,128
charades relay,Informational,50,4,0.00,0.33,0,0,0,0,20,,,,,https://www.getcharadesideas.com/resources/charades-action-ideas/,168
charades words for teenagers,Informational,50,30,0.06,0.85,0,0,19,0,9,,,https://charadesideasgenerator.com/charades-ideas-for-teens/,,https://www.getcharadesideas.com/,106
cherads,Informational,50,56,0.45,0.10,0,0,0,13,7,,,,https://play.gameonfamily.com/charades/,https://www.getcharadesideas.com/,125
christmas carol charades,Informational,50,3,0.00,0.33,0,0,0,0,6,,,,,https://www.getcharadesideas.com/resources/charades-ideas-for-christmas-the-complete-list-118-words-phrases/,110
christmas charade game ideas,Informational,50,13,0.00,0.96,0,0,0,0,1,,,,,https://www.getcharadesideas.com/resources/charades-ideas-for-christmas-the-complete-list-118-words-phrases/,139
christmas charades printable free,Informational,50,8,0.00,0.33,0,0,0,0,21,,,,,https://www.getcharadesideas.com/resources/charades-ideas-for-christmas-the-complete-list-118-words-phrases/,103
christmas hangman phrases,Informational,50,18,0.00,0.00,0,0,0,0,40,,,,,https://www.getcharadesideas.com/resources/charades-ideas-for-christmas-the-complete-list-118-words-phrases/,104
churades,Informational,50,50,0.54,0.07,0,0,0,0,6,,,,,https://www.getcharadesideas.com/,136
difficult dumb charades english movies,Informational,50,23,0.00,0.33,0,0,0,0,4,,,,,https://www.getcharadesideas.com/resources/the-big-list-of-137-charades-movie-ideas/,80
difficult dumb charades movies english,Informational,50,19,0.00,0.33,0,0,0,0,6,,,,,https://www.getcharadesideas.com/resources/the-big-list-of-137-charades-movie-ideas/,75
difficult movie names for dumb charades,Informational,50,25,0.00,0.33,0,0,0,0,17,,,,,https://www.getcharadesideas.com/resources/the-big-list-of-137-charades-movie-ideas/,88
dirty heads up game,Informational,50,22,0.94,0.33,0,0,0,0,7,,,,,https://www.getcharadesideas.com/resources/100-adult-charades-ideas/,126
dirty phrases for speak out,Informational,50,30,0.00,0.33,0,0,0,0,24,,,,,https://www.getcharadesideas.com/resources/100-adult-charades-ideas/,150
drawing charades ideas,Informational,50,35,0.00,0.18,0,0,0,0,2,,,,,https://www.getcharadesideas.com/,116
dress up as a famous person,Informational,50,19,0.00,0.01,0,0,0,0,58,,,,,https://www.getcharadesideas.com/resources/famous-people-charades-ideas-the-complete-list/,178
dress up as a famous person ideas,Informational,50,24,0.00,0.03,0,0,0,0,52,,,,,https://www.getcharadesideas.com/resources/famous-people-charades-ideas-the-complete-list/,145
dumb charades english movies,Informational,50,15,0.00,0.33,0,0,0,0,3,,,,,https://www.getcharadesideas.com/resources/the-big-list-of-137-charades-movie-ideas/,69
easter charades word list,Informational,50,0,0.00,1.00,0,0,18,0,48,,,https://charadesideasgenerator.com/easter-charades-ideas/,,https://www.getcharadesideas.com/resources/a-list-of-120-easy-and-hard-charades-ideas/,102
easy charades topics,Informational,50,25,0.02,0.55,0,0,0,0,2,,,,,https://www.getcharadesideas.com/resources/a-list-of-120-easy-and-hard-charades-ideas/,133
family charades ideas,Informational,50,19,0.07,1.00,0,0,0,0,3,,,,,https://www.getcharadesideas.com/resources/family-charades-ideas-and-how-to-act-them-out/,192
famous people for guess who,Informational,50,6,0.00,0.01,0,0,0,0,2,,,,,https://www.getcharadesideas.com/resources/famous-people-charades-ideas-the-complete-list/,159
feeling charades,Informational,50,29,0.00,0.58,0,0,16,0,0,,,https://charadesideasgenerator.com/emotion-charades-ideas/,,,110
free printable charades cards pdf,Informational,50,2,0.00,0.33,0,0,0,0,11,,,,,https://www.getcharadesideas.com/resources/a-list-of-120-easy-and-hard-charades-ideas/,99
fun charades words,Informational,50,35,0.03,0.17,0,0,0,0,9,,,,,https://www.getcharadesideas.com/resources/a-list-of-120-easy-and-hard-charades-ideas/,113
funny charades ideas for kids,Informational,50,9,0.00,0.00,0,12,0,0,2,,https://www.kidscharades.com/online-charades-generator.html,,,https://www.getcharadesideas.com/resources/charades-ideas-for-kids-of-all-ages-the-ultimate-list-130-ideas/,120
funny charades ideas for teens,"Commercial, Informational",50,24,0.00,0.38,0,0,5,0,6,,,https://charadesideasgenerator.com/charades-ideas-for-teens/,,https://www.getcharadesideas.com/resources/charades-ideas-for-kids-of-all-ages-the-ultimate-list-130-ideas/,135
gestures for charades,Informational,50,31,0.00,0.01,0,0,0,0,59,,,,,https://www.getcharadesideas.com/resources/a-list-of-120-easy-and-hard-charades-ideas/,109
good ideas for a song,Informational,50,17,0.62,0.04,0,0,0,0,53,,,,,https://www.getcharadesideas.com/resources/charades-song-ideas/,140
haloween charades,Commercial,50,9,0.00,0.41,0,0,61,0,5,,,https://charadesideasgenerator.com/halloween-charades-ideas/,,https://www.getcharadesideas.com/resources/charades-halloween-ideas/,158
hard film names,Informational,50,35,0.00,0.33,0,0,0,0,11,,,,,https://www.getcharadesideas.com/resources/the-big-list-of-137-charades-movie-ideas/,119
hard movie names,Informational,50,29,0.00,0.33,0,0,0,0,13,,,,,https://www.getcharadesideas.com/resources/the-big-list-of-137-charades-movie-ideas/,116
hard movie names for dumb charades,Informational,50,25,0.00,0.33,0,0,0,0,16,,,,,https://www.getcharadesideas.com/resources/the-big-list-of-137-charades-movie-ideas/,81
hard movies for dumb charades english,Informational,50,23,0.00,0.33,0,0,0,0,4,,,,,https://www.getcharadesideas.com/resources/the-big-list-of-137-charades-movie-ideas/,74
hard words for charades,Informational,50,23,0.02,0.04,0,0,0,0,16,,,,,https://www.getcharadesideas.com/,88
harry potter charades,Informational,50,3,0.00,0.04,0,0,0,0,10,,,,,https://www.getcharadesideas.com/resources/a-list-of-120-easy-and-hard-charades-ideas/,150
hood charades game,Commercial,50,23,0.26,0.64,0,0,0,0,13,,,,,https://www.getcharadesideas.com/resources/a-list-of-120-easy-and-hard-charades-ideas/,210
ideas for a show,Informational,50,22,0.00,0.33,0,0,0,0,19,,,,,https://www.getcharadesideas.com/resources/charades-tv-show-ideas-article/,197
mini charades game,Commercial,50,-1,0.00,0.33,0,21,0,0,10,,https://www.kidscharades.com/online-charades-generator.html,,,https://www.getcharadesideas.com/resources/charades-ideas-for-kids-of-all-ages-the-ultimate-list-130-ideas/,187
movies with difficult names,Informational,50,29,0.00,0.33,0,0,0,0,14,,,,,https://www.getcharadesideas.com/resources/the-big-list-of-137-charades-movie-ideas/,114
movies with hard names,Informational,50,44,0.00,0.33,0,0,0,0,8,,,,,https://www.getcharadesideas.com/resources/the-big-list-of-137-charades-movie-ideas/,126
new years charades,Informational,50,0,0.00,0.33,0,0,0,0,27,,,,,https://www.getcharadesideas.com/,109
pictionary christmas word generator,Informational,50,14,0.00,0.44,0,0,0,0,22,,,,,https://www.getcharadesideas.com/christmas-charades-ideas/,90
picture charades for kids,Informational,50,20,0.00,0.00,0,0,5,0,35,,,https://charadesideasgenerator.com/picture-charades-generator/,,https://www.getcharadesideas.com/resources/charades-ideas-for-kids-of-all-ages-the-ultimate-list-130-ideas/,193
printable bible charades cards,Commercial,50,3,0.00,0.01,0,0,16,0,0,,,https://charadesideasgenerator.com/bible-charades-ideas/,,,174
printable charades for kids,Informational,50,5,0.00,0.00,0,46,0,0,13,,https://www.kidscharades.com/online-charades-generator.html,,,https://www.getcharadesideas.com/resources/charades-ideas-for-kids-of-all-ages-the-ultimate-list-130-ideas/,112
printable guesstures cards,Informational,50,4,0.00,0.33,0,0,0,0,6,,,,,https://www.getcharadesideas.com/resources/a-list-of-120-easy-and-hard-charades-ideas/,9930000
reverse charades prompts,Informational,50,6,0.00,0.33,0,0,1,0,30,,,https://charadesideasgenerator.com/reverse-charades-generator/,,https://www.getcharadesideas.com/,117
sex charades,Informational,50,2,0.00,0.07,0,0,0,0,1,,,,,https://www.getcharadesideas.com/resources/100-adult-charades-ideas/,104
sharads,Informational,50,59,0.54,0.07,0,11,0,36,7,,https://www.kidscharades.com/online-charades-generator.html,,https://play.gameonfamily.com/charades/,https://www.getcharadesideas.com/,137
songs charades,Informational,50,11,0.00,0.33,0,0,6,0,1,,,https://charadesideasgenerator.com/song-titles-for-charades/,,https://www.getcharadesideas.com/resources/charades-song-ideas/,129
speak out dirty phrases,Informational,50,20,0.00,0.33,0,0,0,0,27,,,,,https://www.getcharadesideas.com/resources/100-adult-charades-ideas/,106
spring charades,Informational,50,7,0.00,0.94,0,0,0,0,29,,,,,https://www.getcharadesideas.com/resources/charades-ideas-for-kids-of-all-ages-the-ultimate-list-130-ideas/,113
surades,Commercial,50,58,0.54,0.07,0,0,0,0,7,,,,,https://www.getcharadesideas.com/,136
thanksgiving charades free printable pdf,Informational,50,0,0.00,0.33,0,0,0,0,30,,,,,https://www.getcharadesideas.com/resources/charades-thanksgiving-ideas/,105
things to do in charades,Informational,50,11,0.02,0.28,0,0,0,0,1,,,,,https://www.getcharadesideas.com/resources/a-list-of-120-easy-and-hard-charades-ideas/,151
tough movies for dumb charades english,Informational,50,16,0.00,0.33,0,0,0,0,4,,,,,https://www.getcharadesideas.com/resources/the-big-list-of-137-charades-movie-ideas/,81
virtual charades for work,Informational,50,15,1.81,0.45,0,0,0,56,28,,,,https://play.gameonfamily.com/charades/,https://www.getcharadesideas.com/,119
what is charade game,Informational,50,55,0.00,0.01,0,0,54,0,44,,,https://charadesideasgenerator.com/how-to-play-charades/,,https://www.getcharadesideas.com/how-to-play-charades/,128
words for fish bowl,Informational,50,15,0.00,0.33,0,0,0,0,28,,,,,https://www.getcharadesideas.com/resources/100-adult-charades-ideas/,154
baby charades words,Informational,40,13,0.00,0.00,0,0,0,0,15,,,,,https://www.getcharadesideas.com/resources/charades-ideas-for-kids-of-all-ages-the-ultimate-list-130-ideas/,109
can you make noises in charades,Informational,40,21,0.00,0.33,0,0,53,0,33,,,https://charadesideasgenerator.com/charades-rules/,,https://www.getcharadesideas.com/,174
categories charades,Informational,40,37,0.02,0.05,0,0,8,0,3,,,https://charadesideasgenerator.com/charades-categories/,,https://www.getcharadesideas.com/resources/a-list-of-120-easy-and-hard-charades-ideas/,136
charade cards for kids,Commercial,40,17,0.00,0.00,0,19,0,0,8,,https://www.kidscharades.com/online-charades-generator.html,,,https://www.getcharadesideas.com/resources/charades-ideas-for-kids-of-all-ages-the-ultimate-list-130-ideas/,201
charade cards printable,Informational,40,6,0.00,0.29,0,0,0,0,5,,,,,https://www.getcharadesideas.com/resources/a-list-of-120-easy-and-hard-charades-ideas/,162
charade christmas songs,Informational,40,2,0.00,0.33,0,0,0,0,3,,,,,https://www.getcharadesideas.com/resources/charades-ideas-for-christmas-the-complete-list-118-words-phrases/,106
charade clues,Informational,40,34,0.03,0.24,0,0,0,0,2,,,,,https://www.getcharadesideas.com/resources/a-list-of-120-easy-and-hard-charades-ideas/,124
charade titles,Informational,40,25,0.00,0.06,0,0,0,0,1,,,,,https://www.getcharadesideas.com/resources/a-list-of-120-easy-and-hard-charades-ideas/,121
charades acting ideas,Informational,40,25,0.03,0.43,0,0,26,0,1,,,https://charadesideasgenerator.com/funny-charades-ideas/,,https://www.getcharadesideas.com/resources/a-list-of-120-easy-and-hard-charades-ideas/,135
charades actions list,Informational,40,14,0.00,0.25,0,0,22,0,1,,,https://charadesideasgenerator.com/actions-charades-generator/,,https://www.getcharadesideas.com/resources/charades-action-ideas/,118
charades card game for adults,"Commercial, Informational",40,22,0.00,1.00,0,0,0,0,12,,,,,https://www.getcharadesideas.com/resources/100-adult-charades-ideas/,192
charades en espanol,Informational,40,18,0.60,0.02,0,0,14,0,0,,,https://charadesideasgenerator.com/spanish-charades-generator/,,,130
charades for 5th graders,Informational,40,14,0.04,0.50,0,16,0,0,6,,https://www.kidscharades.com/online-charades-generator.html,,,https://www.getcharadesideas.com/charades-for-kids/,118
charades for one crossword,Informational,40,5,0.00,0.00,0,0,0,55,31,,,,https://play.gameonfamily.com/charades/,https://www.getcharadesideas.com/,105
charades france,Navigational,40,20,0.00,0.33,0,0,0,0,53,,,,,https://www.getcharadesideas.com/,116
charades game for kids,Informational,40,34,0.00,0.00,0,3,0,0,13,,https://www.kidscharades.com/online-charades-generator.html,,,https://www.getcharadesideas.com/resources/charades-ideas-for-kids-of-all-ages-the-ultimate-list-130-ideas/,179
charades ideas for teenagers,Informational,40,12,0.03,0.59,0,0,9,0,5,,,https://charadesideasgenerator.com/charades-ideas-for-teens/,,https://www.getcharadesideas.com/resources/charades-ideas-for-kids-of-all-ages-the-ultimate-list-130-ideas/,109
charades ideas free,Informational,40,36,0.00,0.29,0,26,38,36,1,,https://www.kidscharades.com/online-charades-generator.html,https://charadesideasgenerator.com/,https://play.gameonfamily.com/charades/,https://www.getcharadesideas.com/resources/a-list-of-120-easy-and-hard-charades-ideas/,109
charades like games,Informational,40,23,0.35,0.43,0,0,0,0,25,,,,,https://www.getcharadesideas.com/resources/a-list-of-120-easy-and-hard-charades-ideas/,130
charades signals,Informational,40,20,0.00,0.02,0,0,0,0,28,,,,,https://www.getcharadesideas.com/,108
charades spinning wheel,Informational,40,5,0.00,0.33,0,38,0,0,16,,https://www.kidscharades.com/online-charades-generator.html,,,https://www.getcharadesideas.com/,160
charades style games,Informational,40,26,0.00,0.01,0,0,0,0,10,,,,,https://www.getcharadesideas.com/resources/charades-video-game-ideas/,127
charades to act out,Informational,40,42,0.02,0.19,0,0,12,0,5,,,https://charadesideasgenerator.com/funny-charades-ideas/,,https://www.getcharadesideas.com/resources/a-list-of-120-easy-and-hard-charades-ideas/,136
charades topics for teens,Informational,40,9,0.06,0.74,0,0,3,0,6,,,https://charadesideasgenerator.com/charades-ideas-for-teens/,,https://www.getcharadesideas.com/resources/a-list-of-120-easy-and-hard-charades-ideas/,110
charades topics list,Informational,40,35,0.03,0.39,0,0,35,0,2,,,https://charadesideasgenerator.com/action-charades-ideas/,,https://www.getcharadesideas.com/resources/a-list-of-120-easy-and-hard-charades-ideas/,103
charades winter,Informational,40,1,0.00,0.33,0,0,0,0,12,,,,,https://www.getcharadesideas.com/resources/charades-ideas-for-christmas-the-complete-list-118-words-phrases/,107
charades words list,Informational,40,26,0.03,0.18,0,0,0,0,2,,,,,https://www.getcharadesideas.com/resources/a-list-of-120-easy-and-hard-charades-ideas/,119
charades',Informational,40,58,0.46,0.35,0,0,0,49,6,,,,https://play.gameonfamily.com/charades/,https://www.getcharadesideas.com/,128
charades/pictionary,Informational,40,12,0.00,0.18,0,0,0,0,13,,,,,https://www.getcharadesideas.com/,175
christmas carol charades game,"Commercial, Informational",40,1,0.00,0.33,0,0,0,0,7,,,,,https://www.getcharadesideas.com/resources/charades-ideas-for-christmas-the-complete-list-118-words-phrases/,138
christmas dare,Informational,40,23,0.00,0.33,0,0,0,0,55,,,,,https://www.getcharadesideas.com/resources/charades-ideas-for-christmas-the-complete-list-118-words-phrases/,131
christmas film charades,Informational,40,8,0.43,0.97,0,0,0,0,2,,,,,https://www.getcharadesideas.com/resources/charades-ideas-for-christmas-the-complete-list-118-words-phrases/,114
christmas movie charades,Informational,40,11,0.00,0.33,0,0,0,0,2,,,,,https://www.getcharadesideas.com/resources/charades-ideas-for-christmas-the-complete-list-118-words-phrases/,85
christmas movies for charades,Informational,40,8,0.00,0.33,0,0,0,0,2,,,,,https://www.getcharadesideas.com/resources/charades-ideas-for-christmas-the-complete-list-118-words-phrases/,121
christmas password,Informational,40,3,0.00,0.33,0,0,0,0,42,,,,,https://www.getcharadesideas.com/resources/charades-ideas-for-christmas-the-complete-list-118-words-phrases/,113
christmas pictionary words for adults,Informational,40,13,0.00,0.00,0,0,0,0,43,,,,,https://www.getcharadesideas.com/resources/charades-ideas-for-christmas-the-complete-list-118-words-phrases/,96
christmas truth or dare,Informational,40,18,0.00,0.33,0,0,0,0,50,,,,,https://www.getcharadesideas.com/resources/charades-ideas-for-christmas-the-complete-list-118-words-phrases/,119
code names for christmas,Informational,40,15,0.00,0.33,0,0,0,0,48,,,,,https://www.getcharadesideas.com/resources/charades-ideas-for-christmas-the-complete-list-118-words-phrases/,103
creative titles for christmas party,Informational,40,8,0.00,0.33,0,0,0,0,65,,,,,https://www.getcharadesideas.com/resources/charades-ideas-for-christmas-the-complete-list-118-words-phrases/,101
dirty pictionary words for adults,Informational,40,21,0.00,0.21,0,0,0,0,27,,,,,https://www.getcharadesideas.com/resources/100-adult-charades-ideas/,115
funny actions to act out,Informational,40,11,0.00,0.14,0,0,10,0,8,,,https://charadesideasgenerator.com/funny-charades-ideas/,,https://www.getcharadesideas.com/resources/funny-charades-ideas-and-how-to-act-them-out/,136
funny christmas charades ideas,Informational,40,20,0.20,1.00,0,0,0,0,1,,,,,https://www.getcharadesideas.com/resources/charades-ideas-for-christmas-the-complete-list-118-words-phrases/,112
funny dare ideas for adults,Informational,40,37,0.00,0.14,0,0,0,0,88,,,,,https://www.getcharadesideas.com/resources/100-adult-charades-ideas/,154
funny things to act out,Informational,40,12,0.00,0.14,0,0,18,0,6,,,https://charadesideasgenerator.com/funny-charades-ideas/,,https://www.getcharadesideas.com/resources/funny-charades-ideas-and-how-to-act-them-out/,108
game like charades with cards,Informational,40,44,0.00,0.88,0,0,0,0,63,,,,,https://www.getcharadesideas.com/resources/a-list-of-120-easy-and-hard-charades-ideas/,145
game night charades,Informational,40,22,0.00,0.61,0,0,0,0,8,,,,,https://www.getcharadesideas.com/,153
guess the famous person game list,Informational,40,5,0.00,0.33,0,0,0,0,3,,,,,https://www.getcharadesideas.com/resources/famous-people-charades-ideas-the-complete-list/,192
guesstures online,Informational,40,36,0.00,0.03,0,17,0,37,22,,https://www.kidscharades.com/online-charades-generator.html,,https://play.gameonfamily.com/charades/,https://www.getcharadesideas.com/,172
halloween charades for kids,"Commercial, Informational",40,9,0.00,0.00,0,0,0,0,14,,,,,https://www.getcharadesideas.com/resources/charades-halloween-ideas/,161
halloween charades printable pdf,Informational,40,4,0.00,0.33,0,0,0,0,53,,,,,https://www.getcharadesideas.com/resources/charades-halloween-ideas/,97
halloween dare,Informational,40,4,0.00,0.33,0,0,0,0,67,,,,,https://www.getcharadesideas.com/resources/charades-halloween-ideas/,174
halloween dares for adults,Commercial,40,5,0.00,0.33,0,0,0,0,67,,,,,https://www.getcharadesideas.com/resources/charades-halloween-ideas/,169
halloween words for charades,Informational,40,8,0.00,0.04,0,0,0,0,2,,,,,https://www.getcharadesideas.com/resources/charades-halloween-ideas/,118
hard christmas words to spell,Informational,40,23,0.00,0.33,0,0,0,0,59,,,,,https://www.getcharadesideas.com/resources/charades-ideas-for-christmas-the-complete-list-118-words-phrases/,166
hard movies for dumb charades,Informational,40,25,0.00,0.33,0,0,0,0,6,,,,,https://www.getcharadesideas.com/resources/the-big-list-of-137-charades-movie-ideas/,98
holiday pictionary word generator,Informational,40,16,0.00,0.33,0,0,0,0,24,,,,,https://www.getcharadesideas.com/christmas-charades-ideas/,97
hood charades examples,Informational,40,16,0.00,0.05,0,0,0,0,7,,,,,https://www.getcharadesideas.com/resources/a-list-of-120-easy-and-hard-charades-ideas/,107
hood charades words,Informational,40,36,0.00,0.20,0,0,0,0,7,,,,,https://www.getcharadesideas.com/resources/a-list-of-120-easy-and-hard-charades-ideas/,103
how do you play christmas charades,Informational,40,2,0.00,0.33,0,0,0,0,11,,,,,https://www.getcharadesideas.com/christmas-charades-ideas/,165
how does charades work,Informational,40,33,0.00,0.01,0,0,35,0,28,,,https://charadesideasgenerator.com/charades-rules/,,https://www.getcharadesideas.com/charades-rules/,98
ideas for halloween charades,Commercial,40,10,0.00,0.09,0,0,0,0,5,,,,,https://www.getcharadesideas.com/resources/charades-halloween-ideas/,166
list of charades,Informational,40,32,0.03,0.11,0,0,0,0,2,,,,,https://www.getcharadesideas.com/resources/a-list-of-120-easy-and-hard-charades-ideas/,109
list of charades topics,Informational,40,30,0.02,0.23,0,0,26,0,1,,,https://charadesideasgenerator.com/charades-themes/,,https://www.getcharadesideas.com/resources/a-list-of-120-easy-and-hard-charades-ideas/,110
mirror charades,Informational,40,22,0.00,0.33,0,0,66,0,39,,,https://charadesideasgenerator.com/reverse-charades-generator/,,https://www.getcharadesideas.com/resources/charades-action-ideas/,167
printable christmas charades,Informational,40,2,0.00,1.00,0,0,0,0,22,,,,,https://www.getcharadesideas.com/christmas-charades-ideas/,402000
random actions,Informational,40,39,0.00,0.01,0,0,0,0,50,,,,,https://www.getcharadesideas.com/resources/charades-action-ideas/,70
sharad game,Informational,40,53,0.00,0.16,0,0,0,0,34,,,,,https://www.getcharadesideas.com/resources/a-list-of-120-easy-and-hard-charades-ideas/,132
sharreds,Informational,40,59,0.00,0.33,0,15,0,25,7,,https://www.kidscharades.com/online-charades-generator.html,,https://play.gameonfamily.com/charades/,https://www.getcharadesideas.com/,760
sherads game,Informational,40,50,0.46,0.35,0,0,0,43,18,,,,https://play.gameonfamily.com/charades/,https://www.getcharadesideas.com/,188
sheraid,Informational,40,-1,0.54,0.07,0,0,0,0,67,,,,,https://www.getcharadesideas.com/resources/a-list-of-120-easy-and-hard-charades-ideas/,10500
sheraides,Informational,40,56,0.45,0.10,0,0,0,51,4,,,,https://play.gameonfamily.com/charades/,https://www.getcharadesideas.com/,135
signs for charades,Informational,40,42,0.00,0.33,0,0,0,0,26,,,,,https://www.getcharadesideas.com/resources/charades-ideas-for-kids-of-all-ages-the-ultimate-list-130-ideas/,171
sound charades,"Informational, Transactional",40,21,0.31,0.72,0,0,0,0,61,,,,,https://www.getcharadesideas.com/resources/charades-song-ideas/,100
speed charades,Informational,40,12,0.00,0.87,0,0,0,0,11,,,,,https://www.getcharadesideas.com/resources/a-list-of-120-easy-and-hard-charades-ideas/,181
superhero charades,Informational,40,10,0.00,0.10,0,0,0,0,19,,,,,https://www.getcharadesideas.com/resources/charades-ideas-for-kids-of-all-ages-the-ultimate-list-130-ideas/,163
suraids,Informational,40,60,0.00,0.21,0,27,0,45,13,,https://www.kidscharades.com/online-charades-generator.html,,https://play.gameonfamily.com/charades/,https://www.getcharadesideas.com/resources/a-list-of-120-easy-and-hard-charades-ideas/,116
talk dirty ideas,Informational,40,49,0.02,0.08,0,0,0,0,57,,,,,https://www.getcharadesideas.com/resources/100-adult-charades-ideas/,132
thanksgiving pictionary ideas,Informational,40,5,0.00,0.00,0,0,0,0,54,,,,,https://www.getcharadesideas.com/resources/charades-thanksgiving-ideas/,109
themes for charades,Informational,40,41,0.00,0.06,0,0,7,0,2,,,https://charadesideasgenerator.com/charades-themes/,,https://www.getcharadesideas.com/resources/a-list-of-120-easy-and-hard-charades-ideas/,124
things to act out for charades,Informational,40,21,0.02,0.46,0,0,45,0,3,,,https://charadesideasgenerator.com/funny-charades-ideas/,,https://www.getcharadesideas.com/resources/a-list-of-120-easy-and-hard-charades-ideas/,182
valentine's day charades,Commercial,40,1,0.00,0.33,0,0,33,0,0,,,https://charadesideasgenerator.com/valentines-day-charades-ideas/,,,156
wedding charades word list,Informational,40,8,0.00,0.86,0,0,2,0,29,,,https://charadesideasgenerator.com/wedding-charades-words-list/,,https://www.getcharadesideas.com/resources/a-list-of-120-easy-and-hard-charades-ideas/,81
what are the rules for charades,Informational,40,28,0.00,0.33,0,0,52,0,29,,,https://charadesideasgenerator.com/charades-rules/,,https://www.getcharadesideas.com/charades-rules/,146
what would you do scenarios for adults,Informational,40,20,0.00,0.33,0,0,0,0,92,,,,,https://www.getcharadesideas.com/resources/100-adult-charades-ideas/,185
words for fishbowl game,Informational,40,14,0.00,0.33,0,0,0,0,21,,,,,https://www.getcharadesideas.com/resources/100-adult-charades-ideas/,89
words for guessing games,Informational,40,51,0.84,0.15,0,0,0,0,39,,,,,https://www.getcharadesideas.com/resources/a-list-of-120-easy-and-hard-charades-ideas/,117
words for reverse charades,Informational,40,7,0.00,0.44,0,0,3,0,34,,,https://charadesideasgenerator.com/reverse-charades-generator/,,https://www.getcharadesideas.com/resources/100-adult-charades-ideas/,103
charades feelings,Informational,30,9,2.05,0.62,0,0,24,0,0,,,https://charadesideasgenerator.com/emotion-charades-ideas/,,,111
submit an idea for a tv show,Informational,30,21,4.48,0.27,0,0,0,0,46,,,,,https://www.getcharadesideas.com/resources/charades-tv-show-ideas-article/,150
